{"stats":{"minecraft:killed_by":{"graveyard:skeleton_creeper":1},"minecraft:killed":{"minecraft:pig":6,"promenade:duck":2,"minecraft:skeleton":4,"minecraft:zombie":4,"minecraft:chicken":3,"minecraft:cow":4},"minecraft:picked_up":{"minecraft:crafting_table":2,"minecraft:feather":6,"minecraft:chicken":3,"minecraft:leather":2,"minecraft:brown_mushroom":5,"minecraft:red_mushroom":7,"minecraft:golden_boots":1,"minecraft:dirt":25,"brewery:hops_seeds":2,"minecraft:bone":1,"graveyard:corruption":1,"minecraft:wheat_seeds":2,"minecraft:beef":6,"fishofthieves:earthworms":3,"spellbladenext:fire_claymore":1,"twigs:twig":8,"minecraft:furnace":1,"minecraft:sweet_berries":27,"promenade:duck":2,"minecraft:porkchop":12,"minecraft:spruce_sapling":17,"minecraft:spruce_log":125,"minecraft:arrow":2,"minecraft:rotten_flesh":8,"minecraft:coal":42,"minecraft:skeleton_skull":1,"minecraft:cobblestone":28},"minecraft:custom":{"lootr:looted_stat":1,"minecraft:interact_with_furnace":2,"minecraft:mob_kills":23,"minecraft:interact_with_crafting_table":8,"minecraft:damage_dealt_resisted":0,"minecraft:leave_game":2,"minecraft:time_since_death":33945,"minecraft:climb_one_cm":220,"minecraft:hex":0,"minecraft:time_since_rest":33984,"minecraft:sprint_one_cm":84225,"minecraft:damage_taken":1196,"minecraft:walk_one_cm":176826,"minecraft:damage_blocked_by_shield":148,"minecraft:drop":6,"minecraft:damage_dealt":3113,"minecraft:swim_one_cm":16196,"minecraft:fly_one_cm":71971,"minecraft:crouch_one_cm":2705,"minecraft:play_time":45162,"minecraft:deaths":1,"minecraft:sneak_time":550,"minecraft:walk_under_water_one_cm":1167,"minecraft:boat_one_cm":33380,"minecraft:jump":601,"minecraft:walk_on_water_one_cm":1095,"minecraft:threat":4,"minecraft:total_world_time":45162,"minecraft:fall_one_cm":11369},"minecraft:mined":{"minecraft:podzol":1,"minecraft:brown_mushroom":5,"brewery:wild_hops":1,"minecraft:powder_snow":2,"minecraft:crafting_table":2,"minecraft:grass_block":2,"minecraft:tall_grass":1,"minecraft:spruce_leaves":1,"minecraft:red_mushroom":7,"minecraft:furnace":1,"minecraft:sweet_berry_bush":1,"treechop:chopped_log":4,"minecraft:grass":7,"minecraft:coal_ore":42,"minecraft:dirt":2,"minecraft:stone":28,"minecraft:fern":2},"minecraft:used":{"minecraft:stone_sword":86,"minecraft:stone_pickaxe":69,"minecraft:shield":6,"minecraft:wooden_pickaxe":4,"spellbladenext:crystal_cutlass":1,"minecraft:dirt":20,"paladins:holy_wand":1,"minecraft:crafting_table":3,"minecraft:spruce_log":1,"minecraft:bread":11,"spellbladenext:fire_claymore":24,"minecraft:stone_axe":34,"minecraft:sweet_berries":21,"minecraft:furnace":1,"minecraft:cooked_porkchop":1},"minecraft:dropped":{"minecraft:wheat_seeds":2,"paladins:holy_wand":1,"minecraft:stone_pickaxe":4},"minecraft:crafted":{"minecraft:cooked_porkchop":1,"minecraft:crafting_table":2,"minecraft:spruce_planks":24,"minecraft:wooden_pickaxe":1,"minecraft:furnace":1,"minecraft:stone_axe":1,"minecraft:stick":20,"minecraft:stone_pickaxe":5,"minecraft:stone_sword":1}},"DataVersion":3465}