{"stats":{"minecraft:killed_by":{"graveyard:skeleton_creeper":1},"minecraft:killed":{"minecraft:pig":6,"minecraft:zombie_villager":1,"promenade:duck":2,"graveyard:revenant":2,"minecraft:skeleton":6,"minecraft:zombie":5,"minecraft:chicken":3,"minecraft:cow":4},"minecraft:picked_up":{"minecraft:coarse_dirt":4,"minecraft:crafting_table":2,"minecraft:feather":6,"minecraft:chicken":3,"minecraft:leather":2,"minecraft:brown_mushroom":5,"minecraft:red_mushroom":7,"minecraft:filled_map":1,"minecraft:golden_boots":2,"minecraft:dirt":41,"brewery:hops_seeds":2,"minecraft:bone":9,"graveyard:corruption":2,"minecraft:bow":1,"minecraft:wheat_seeds":2,"bewitchment:mandrake_seeds":1,"minecraft:beef":6,"fishofthieves:earthworms":3,"spellbladenext:fire_claymore":1,"twigs:twig":13,"minecraft:furnace":1,"minecraft:dark_oak_door":1,"minecraft:cooked_porkchop":3,"minecraft:sweet_berries":27,"promenade:duck":2,"minecraft:porkchop":12,"minecraft:spruce_sapling":17,"minecraft:spruce_log":125,"minecraft:mossy_cobblestone":3,"minecraft:golden_chestplate":1,"minecraft:stone_sword":1,"minecraft:arrow":4,"minecraft:rotten_flesh":13,"regions_unexplored:maple_sapling":8,"regions_unexplored:maple_log":10,"minecraft:skeleton_skull":1,"minecraft:coal":42,"minecraft:cobblestone":29},"minecraft:custom":{"lootr:looted_stat":18,"minecraft:interact_with_furnace":2,"minecraft:mob_kills":29,"minecraft:interact_with_crafting_table":15,"minecraft:damage_dealt_resisted":0,"minecraft:leave_game":4,"minecraft:time_since_death":64678,"minecraft:sleep_in_bed":1,"minecraft:climb_one_cm":220,"minecraft:hex":0,"minecraft:time_since_rest":6484,"minecraft:sprint_one_cm":185358,"minecraft:damage_taken":1787,"minecraft:walk_one_cm":286764,"minecraft:damage_blocked_by_shield":148,"minecraft:drop":14,"minecraft:damage_dealt":3780,"minecraft:swim_one_cm":59276,"minecraft:fly_one_cm":136088,"minecraft:open_chest":1,"minecraft:crouch_one_cm":3498,"minecraft:play_time":82334,"minecraft:deaths":1,"minecraft:sneak_time":735,"minecraft:walk_under_water_one_cm":22904,"minecraft:boat_one_cm":90054,"minecraft:jump":984,"minecraft:walk_on_water_one_cm":22787,"minecraft:threat":4,"minecraft:interact_with_smoker":2,"minecraft:total_world_time":82334,"minecraft:fall_one_cm":20117},"minecraft:mined":{"minecraft:podzol":1,"minecraft:brown_mushroom":5,"brewery:wild_hops":1,"minecraft:mossy_cobblestone":3,"minecraft:powder_snow":2,"minecraft:crafting_table":2,"minecraft:grass_block":2,"twigs:twig":1,"minecraft:tall_grass":1,"minecraft:spruce_leaves":1,"minecraft:red_mushroom":7,"minecraft:large_fern":1,"regions_unexplored:stone_bud":1,"minecraft:coarse_dirt":2,"minecraft:furnace":1,"minecraft:sweet_berry_bush":1,"treechop:chopped_log":5,"minecraft:grass":7,"minecraft:coal_ore":42,"minecraft:dirt":10,"minecraft:stone":29,"minecraft:fern":2},"minecraft:used":{"minecraft:stone_sword":118,"minecraft:stone_pickaxe":69,"minecraft:wooden_pickaxe":4,"minecraft:shield":6,"spellbladenext:crystal_cutlass":1,"minecraft:golden_hoe":5,"minecraft:dirt":20,"paladins:holy_wand":1,"minecraft:crafting_table":3,"minecraft:spruce_log":1,"minecraft:bread":17,"minecraft:map":3,"minecraft:iron_pickaxe":5,"spellbladenext:fire_claymore":24,"indrev:lead_sword":1,"minecraft:stone_axe":34,"minecraft:bow":1,"minecraft:sweet_berries":21,"minecraft:furnace":1,"minecraft:cooked_porkchop":4},"minecraft:dropped":{"minecraft:wheat_seeds":2,"minecraft:coarse_dirt":4,"paladins:holy_wand":1,"minecraft:crafting_table":1,"minecraft:rotten_flesh":5,"graveyard:corruption":1,"minecraft:filled_map":1,"minecraft:dirt":16,"minecraft:stone_pickaxe":4},"minecraft:crafted":{"minecraft:cooked_porkchop":1,"minecraft:crafting_table":2,"minecraft:spruce_planks":24,"minecraft:wooden_pickaxe":1,"minecraft:furnace":1,"minecraft:stone_axe":1,"minecraft:iron_axe":1,"minecraft:stick":30,"minecraft:stone_pickaxe":5,"minecraft:stone_sword":1,"indrev:lead_sword":1}},"DataVersion":3465}