{"stats":{"minecraft:killed_by":{"graveyard:skeleton_creeper":1},"minecraft:killed":{"minecraft:skeleton":3,"minecraft:zombie":3,"minecraft:pig":6,"minecraft:chicken":3,"minecraft:cow":4},"minecraft:picked_up":{"minecraft:feather":4,"minecraft:chicken":3,"minecraft:sweet_berries":27,"minecraft:leather":2,"minecraft:brown_mushroom":5,"minecraft:red_mushroom":7,"minecraft:porkchop":12,"minecraft:spruce_sapling":11,"minecraft:spruce_log":115,"minecraft:dirt":25,"brewery:hops_seeds":2,"minecraft:bone":1,"minecraft:arrow":2,"minecraft:rotten_flesh":6,"graveyard:corruption":1,"minecraft:wheat_seeds":2,"minecraft:beef":6,"fishofthieves:earthworms":3,"twigs:twig":6,"minecraft:skeleton_skull":1,"minecraft:coal":42,"minecraft:cobblestone":28},"minecraft:mined":{"minecraft:podzol":1,"minecraft:brown_mushroom":5,"brewery:wild_hops":1,"minecraft:sweet_berry_bush":1,"minecraft:powder_snow":2,"treechop:chopped_log":4,"minecraft:grass":6,"minecraft:grass_block":2,"minecraft:coal_ore":42,"minecraft:dirt":2,"minecraft:tall_grass":1,"minecraft:spruce_leaves":1,"minecraft:stone":28,"minecraft:red_mushroom":7,"minecraft:fern":2},"minecraft:custom":{"minecraft:time_since_rest":18100,"minecraft:sprint_one_cm":45523,"minecraft:damage_taken":710,"minecraft:walk_one_cm":107760,"minecraft:damage_blocked_by_shield":123,"minecraft:mob_kills":19,"minecraft:drop":4,"minecraft:damage_dealt":2392,"minecraft:swim_one_cm":12171,"minecraft:interact_with_crafting_table":7,"minecraft:fly_one_cm":53030,"minecraft:crouch_one_cm":1291,"minecraft:play_time":29278,"minecraft:deaths":1,"minecraft:sneak_time":274,"minecraft:walk_under_water_one_cm":580,"minecraft:damage_dealt_resisted":0,"minecraft:jump":449,"minecraft:leave_game":2,"minecraft:time_since_death":18061,"minecraft:walk_on_water_one_cm":822,"minecraft:total_world_time":29278,"minecraft:hex":0,"minecraft:fall_one_cm":9233},"minecraft:used":{"minecraft:stone_sword":78,"minecraft:stone_pickaxe":67,"minecraft:bread":4,"minecraft:wooden_pickaxe":3,"minecraft:shield":5,"minecraft:stone_axe":34,"minecraft:dirt":1,"minecraft:sweet_berries":11,"minecraft:crafting_table":1},"minecraft:dropped":{"minecraft:stone_pickaxe":4},"minecraft:crafted":{"minecraft:crafting_table":1,"minecraft:spruce_planks":24,"minecraft:stick":20,"minecraft:wooden_pickaxe":1,"minecraft:stone_pickaxe":5,"minecraft:stone_sword":1,"minecraft:stone_axe":1}},"DataVersion":3465}