{"stats":{"minecraft:killed_by":{"graveyard:skeleton_creeper":1},"minecraft:killed":{"minecells:mutated_bat":3,"promenade:duck":3,"graveyard:revenant":2,"minecraft:spider":2,"minecraft:vindicator":1,"minecells:undead_archer":10,"minecraft:skeleton":7,"minecraft:chicken":4,"minecells:leaping_zombie":43,"minecells:grenadier":13,"minecraft:pig":7,"minecells:runner":4,"minecraft:zombie_villager":1,"minecraft:pillager":1,"minecraft:zombie":7,"minecells:shieldbearer":2,"minecraft:cow":4},"minecraft:picked_up":{"minecraft:crafting_table":2,"minecraft:iron_chestplate":1,"minecraft:coarse_dirt":4,"minecraft:chicken":4,"simplyswords:diamond_katana":1,"minecraft:brown_mushroom":5,"minecraft:string":2,"minecraft:iron_axe":1,"minecraft:iron_leggings":1,"minecraft:item_frame":4,"graveyard:corruption":2,"minecraft:spruce_planks":25,"minecraft:beef":6,"spellbladenext:fire_claymore":1,"minecraft:iron_nugget":1,"minecraft:chest":1,"minecraft:iron_boots":1,"minecraft:furnace":1,"minecraft:dark_oak_door":1,"minecells:guts":22,"minecraft:stick":22,"minecraft:raw_iron":7,"simplyswords:waxweaver":2,"minecells:monsters_eye":8,"minecraft:porkchop":13,"minecells:putrid_fence":1,"minecraft:golden_chestplate":2,"fwaystones:waystone_scroll":1,"ae2:sky_stone_block":4,"regions_unexplored:purple_coneflower":20,"minecraft:stone_sword":1,"minecraft:arrow":13,"bewitchment:garlic":4,"minecraft:light_gray_bed":2,"minecraft:rotten_flesh":55,"regions_unexplored:maple_sapling":35,"minecraft:skeleton_skull":1,"minecraft:cobblestone":30,"archon:cloudshot_tome":1,"archon:propel_tome":1,"minecraft:feather":8,"minecraft:leather":2,"minecraft:red_mushroom":7,"minecraft:potato":1,"minecraft:filled_map":2,"minecraft:golden_boots":2,"minecraft:gunpowder":7,"minecraft:dirt":46,"lootr:trophy":1,"minecells:health_flask":2,"botania:black_mystical_flower":3,"brewery:hops_seeds":2,"minecraft:bone":10,"travelersbackpack:backpack_tank":2,"minecraft:apple":2,"minecraft:bow":2,"minecraft:wheat_seeds":3,"minecraft:raw_gold":1,"bewitchment:mandrake_seeds":1,"minecraft:iron_ingot":4,"regions_unexplored:maple_stairs":8,"fishofthieves:earthworms":3,"comforts:sleeping_bag_gray":5,"regions_unexplored:larch_shrub":4,"twigs:twig":77,"simplyswords:gold_katana":1,"minecraft:oak_planks":5,"minecraft:cooked_porkchop":3,"minecraft:sweet_berries":27,"promenade:duck":3,"minecells:monster_cell":41,"minecells:infected_flesh":19,"minecraft:spruce_sapling":66,"minecraft:spruce_log":224,"minecells:metal_shards":2,"minecraft:mossy_cobblestone":3,"travelersbackpack:standard":1,"minecraft:firework_rocket":2,"minecraft:diamond":2,"minecells:explosive_bulb":9,"minecraft:writable_book":1,"minecraft:iron_helmet":3,"minecraft:crossbow":1,"regions_unexplored:maple_log":103,"minecraft:bread":4,"minecraft:emerald":5,"minecraft:coal":42},"minecraft:broken":{"beachparty:rubber_ring_axolotl":1,"minecraft:iron_boots":1,"simplyswords:gold_twinblade":1,"beachparty:rubber_ring_pelican":1,"minecraft:iron_helmet":1},"minecraft:mined":{"minecraft:diamond_ore":1,"minecells:small_prison_bricks":1,"minecraft:spruce_planks":22,"minecells:putrid_fence":1,"minecraft:mossy_cobblestone":3,"regions_unexplored:maple_planks":1,"minecraft:grass_block":3,"minecells:prison_stone":3,"minecraft:light_gray_bed":2,"twigs:twig":1,"regions_unexplored:purple_coneflower":2,"minecraft:spruce_leaves":1,"minecraft:red_mushroom":7,"minecraft:large_fern":1,"regions_unexplored:stone_bud":1,"minecraft:furnace":1,"minecraft:iron_ore":7,"treechop:chopped_log":19,"regions_unexplored:maple_stairs":13,"minecells:hanged_rotting_corpse":1,"regions_unexplored:medium_grass":2,"ae2:sky_stone_block":1,"minecraft:stone":29,"minecraft:podzol":1,"minecraft:brown_mushroom":5,"brewery:wild_hops":1,"minecraft:powder_snow":2,"minecraft:crafting_table":2,"minecraft:emerald_ore":3,"minecraft:tall_grass":1,"minecells:alchemy_equipment_0":1,"minecells:alchemy_equipment_2":2,"botania:black_mystical_flower":1,"minecraft:coarse_dirt":2,"lootr:trophy":1,"minecraft:sweet_berry_bush":1,"minecraft:grass":10,"minecraft:coal_ore":42,"minecraft:dirt":11,"minecraft:gold_ore":1,"minecraft:fern":2},"minecraft:custom":{"minecraft:interact_with_smithing_table":2,"lootr:looted_stat":137,"minecraft:mob_kills":116,"minecraft:interact_with_crafting_table":58,"minecraft:damage_dealt_resisted":0,"minecraft:leave_game":9,"minecraft:time_since_death":95334,"minecraft:damage_resisted":0,"minecraft:climb_one_cm":14588,"minecraft:sprint_one_cm":735206,"minecraft:walk_one_cm":995038,"minecraft:damage_blocked_by_shield":148,"minecraft:drop":77,"minecraft:play_time":269610,"minecraft:deaths":2,"minecraft:sneak_time":2850,"minecraft:walk_under_water_one_cm":28507,"minecraft:boat_one_cm":90054,"minecraft:jump":3068,"minecraft:walk_on_water_one_cm":51049,"minecraft:total_world_time":269610,"minecraft:interact_with_furnace":6,"minecraft:interact_with_cartography_table":1,"minecraft:sleep_in_bed":11,"minecraft:hex":0,"minecraft:time_since_rest":53977,"minecraft:damage_taken":5969,"minecraft:damage_absorbed":61,"minecraft:damage_dealt":17497,"minecraft:swim_one_cm":142614,"minecraft:fly_one_cm":553856,"minecraft:open_chest":71,"minecraft:crouch_one_cm":11606,"minecraft:threat":9,"minecraft:interact_with_smoker":3,"minecraft:fall_one_cm":75418},"minecraft:used":{"minecraft:stone_sword":118,"minecraft:spruce_planks":20,"minecraft:shield":6,"spellbladenext:crystal_cutlass":1,"lootr:trophy":1,"minecraft:dirt":21,"simplyswords:diamond_rapier":172,"simplyswords:gold_katana":4,"minecells:crowbar":8,"minecells:monsters_eye":5,"spellbladenext:fire_blade":20,"minecraft:iron_axe":190,"spellbladenext:fire_claymore":24,"minecells:guts":32,"simplyswords:diamond_greathammer":26,"minecraft:bow":1,"minecraft:sweet_berries":21,"minecraft:furnace":1,"simplyswords:waxweaver":9,"minecraft:potato":6,"minecraft:light_gray_bed":2,"simplyswords:gold_halberd":8,"simplyswords:diamond_katana":70,"minecraft:stone_pickaxe":69,"minecraft:wooden_pickaxe":4,"minecraft:golden_apple":1,"minecraft:golden_hoe":5,"paladins:holy_wand":1,"minecraft:crafting_table":3,"brewery:corn":1,"simplyswords:gold_twinblade":32,"simplyswords:diamond_spear":45,"minecraft:cod":6,"simplyswords:watcher_claymore":48,"minecraft:spruce_log":1,"minecraft:apple":2,"minecraft:black_wool":7,"minecraft:bread":64,"minecraft:iron_pickaxe":24,"minecraft:map":3,"simplyswords:diamond_chakram":1,"comforts:sleeping_bag_gray":3,"indrev:lead_sword":24,"minecraft:stone_axe":34,"regions_unexplored:maple_stairs":83,"travelersbackpack:standard":8,"minecraft:cooked_porkchop":4},"minecraft:dropped":{"minecraft:bread":4,"minecraft:wheat_seeds":2,"paladins:holy_wand":1,"minecraft:crafting_table":1,"botania:black_mystical_flower":2,"ae2:sky_stone_block":3,"minecraft:iron_helmet":3,"minecraft:cobblestone":2,"minecells:putrid_sapling":1,"graveyard:corruption":1,"minecraft:dirt":19,"minecells:infected_flesh":4,"archon:propel_tome":2,"minecells:putrid_fence":1,"regions_unexplored:purple_coneflower":15,"minecells:red_putrid_sapling":1,"minecraft:iron_leggings":1,"bewitchment:garlic":4,"minecraft:chain":1,"minecraft:writable_book":1,"minecraft:iron_axe":2,"travelersbackpack:backpack_tank":2,"twigs:twig":64,"minecraft:gold_ingot":2,"regions_unexplored:larch_shrub":3,"minecraft:iron_nugget":1,"minecraft:golden_chestplate":1,"minecraft:coarse_dirt":4,"archon:cloudshot_tome":1,"minecraft:rotten_flesh":25,"minecraft:oak_planks":5,"minecraft:iron_boots":2,"minecraft:filled_map":2,"regions_unexplored:maple_stairs":1,"minecells:orange_putrid_sapling":1,"minecraft:gunpowder":1,"simplyswords:gold_katana":1,"minecraft:spruce_planks":4,"minecraft:iron_chestplate":1,"minecraft:chest":1,"minecraft:arrow":4,"minecraft:bow":1,"minecraft:stone_pickaxe":4,"simplyswords:waxweaver":2,"comforts:sleeping_bag_gray":1},"minecraft:crafted":{"ironchests:iron_chest_upgrade":1,"regions_unexplored:maple_planks":116,"minecraft:furnace":1,"regions_unexplored:maple_stairs":76,"minecraft:diamond_helmet":1,"minecraft:diamond_leggings":1,"minecraft:iron_boots":2,"minecraft:iron_axe":1,"minecraft:stone_pickaxe":5,"minecraft:chest":1,"minecraft:cooked_porkchop":1,"minecraft:crafting_table":2,"minecraft:spruce_planks":36,"minecraft:wooden_pickaxe":1,"minecraft:iron_helmet":1,"minecraft:stone_axe":1,"mcdw:sword_katana":1,"minecraft:iron_chestplate":1,"minecraft:stick":30,"minecraft:stone_sword":1,"minecraft:iron_leggings":2,"indrev:lead_sword":1,"minecraft:diamond_chestplate":1}},"DataVersion":3465}