{"stats":{"minecraft:killed_by":{"graveyard:skeleton_creeper":1},"minecraft:killed":{"promenade:duck":2,"graveyard:revenant":2,"minecraft:vindicator":1,"minecraft:spider":2,"minecells:undead_archer":4,"minecraft:skeleton":7,"minecraft:chicken":3,"minecells:leaping_zombie":1,"minecells:grenadier":1,"minecraft:pig":7,"minecraft:zombie_villager":1,"minecraft:pillager":1,"minecraft:zombie":7,"minecells:shieldbearer":1,"minecraft:cow":4},"minecraft:picked_up":{"minecraft:iron_chestplate":1,"minecraft:crafting_table":2,"minecraft:coarse_dirt":4,"minecraft:chicken":3,"simplyswords:diamond_katana":1,"minecraft:brown_mushroom":5,"minecraft:string":2,"minecraft:iron_axe":1,"minecraft:item_frame":4,"graveyard:corruption":2,"minecraft:spruce_planks":25,"minecraft:beef":6,"spellbladenext:fire_claymore":1,"minecraft:chest":1,"minecraft:iron_boots":1,"minecraft:furnace":1,"minecraft:dark_oak_door":1,"minecells:guts":2,"minecraft:stick":22,"minecraft:raw_iron":7,"minecraft:porkchop":13,"minecraft:golden_chestplate":2,"ae2:sky_stone_block":4,"regions_unexplored:purple_coneflower":20,"fwaystones:waystone_scroll":1,"minecraft:stone_sword":1,"minecraft:arrow":6,"minecraft:light_gray_bed":2,"minecraft:rotten_flesh":31,"regions_unexplored:maple_sapling":35,"minecraft:skeleton_skull":1,"minecraft:cobblestone":30,"archon:cloudshot_tome":1,"archon:propel_tome":1,"minecraft:feather":6,"minecraft:leather":2,"minecraft:red_mushroom":7,"minecraft:potato":1,"minecraft:filled_map":2,"minecraft:golden_boots":2,"minecraft:gunpowder":1,"minecraft:dirt":46,"botania:black_mystical_flower":3,"brewery:hops_seeds":2,"minecraft:bone":10,"travelersbackpack:backpack_tank":2,"minecraft:apple":2,"minecraft:bow":2,"minecraft:wheat_seeds":2,"minecraft:raw_gold":1,"bewitchment:mandrake_seeds":1,"regions_unexplored:maple_stairs":8,"fishofthieves:earthworms":3,"comforts:sleeping_bag_gray":5,"regions_unexplored:larch_shrub":4,"twigs:twig":77,"simplyswords:gold_katana":1,"minecraft:cooked_porkchop":3,"minecraft:sweet_berries":27,"promenade:duck":2,"minecells:monster_cell":2,"minecells:infected_flesh":4,"minecraft:spruce_sapling":66,"minecraft:spruce_log":224,"minecraft:mossy_cobblestone":3,"travelersbackpack:standard":1,"minecraft:firework_rocket":2,"minecraft:diamond":1,"minecraft:writable_book":1,"minecraft:crossbow":1,"regions_unexplored:maple_log":103,"minecraft:emerald":5,"minecraft:bread":4,"minecraft:coal":42},"minecraft:broken":{"simplyswords:gold_twinblade":1},"minecraft:custom":{"lootr:looted_stat":46,"minecraft:mob_kills":44,"minecraft:interact_with_crafting_table":44,"minecraft:damage_dealt_resisted":0,"minecraft:leave_game":6,"minecraft:time_since_death":15725,"minecraft:climb_one_cm":1090,"minecraft:damage_resisted":0,"minecraft:sprint_one_cm":500430,"minecraft:walk_one_cm":618301,"minecraft:damage_blocked_by_shield":148,"minecraft:drop":55,"minecraft:play_time":190001,"minecraft:deaths":2,"minecraft:sneak_time":2758,"minecraft:walk_under_water_one_cm":28010,"minecraft:boat_one_cm":90054,"minecraft:jump":2197,"minecraft:walk_on_water_one_cm":49850,"minecraft:total_world_time":190001,"minecraft:interact_with_furnace":6,"minecraft:interact_with_cartography_table":1,"minecraft:sleep_in_bed":10,"minecraft:hex":3,"minecraft:time_since_rest":10692,"minecraft:damage_taken":4391,"minecraft:damage_absorbed":39,"minecraft:damage_dealt":6228,"minecraft:swim_one_cm":142614,"minecraft:fly_one_cm":395600,"minecraft:open_chest":46,"minecraft:crouch_one_cm":11304,"minecraft:threat":4,"minecraft:interact_with_smoker":3,"minecraft:fall_one_cm":56967},"minecraft:mined":{"minecraft:diamond_ore":1,"minecraft:spruce_planks":22,"minecraft:mossy_cobblestone":3,"regions_unexplored:maple_planks":1,"minecraft:grass_block":3,"minecraft:light_gray_bed":2,"twigs:twig":1,"regions_unexplored:purple_coneflower":2,"minecraft:spruce_leaves":1,"minecraft:red_mushroom":7,"minecraft:large_fern":1,"regions_unexplored:stone_bud":1,"minecraft:furnace":1,"minecraft:iron_ore":7,"treechop:chopped_log":19,"regions_unexplored:maple_stairs":13,"regions_unexplored:medium_grass":2,"ae2:sky_stone_block":1,"minecraft:stone":29,"minecraft:podzol":1,"minecraft:brown_mushroom":5,"brewery:wild_hops":1,"minecraft:powder_snow":2,"minecraft:crafting_table":2,"minecraft:emerald_ore":3,"minecraft:tall_grass":1,"botania:black_mystical_flower":1,"minecraft:coarse_dirt":2,"minecraft:sweet_berry_bush":1,"minecraft:grass":10,"minecraft:coal_ore":42,"minecraft:dirt":11,"minecraft:gold_ore":1,"minecraft:fern":2},"minecraft:used":{"minecraft:stone_sword":118,"minecraft:spruce_planks":20,"minecraft:shield":6,"spellbladenext:crystal_cutlass":1,"minecraft:dirt":21,"simplyswords:gold_katana":4,"spellbladenext:fire_blade":3,"minecraft:iron_axe":190,"spellbladenext:fire_claymore":24,"minecraft:bow":1,"minecraft:sweet_berries":21,"minecraft:furnace":1,"minecraft:light_gray_bed":2,"simplyswords:diamond_katana":8,"minecraft:stone_pickaxe":69,"minecraft:wooden_pickaxe":4,"minecraft:golden_apple":1,"minecraft:golden_hoe":5,"paladins:holy_wand":1,"minecraft:crafting_table":3,"simplyswords:gold_twinblade":32,"simplyswords:diamond_spear":15,"minecraft:cod":4,"minecraft:spruce_log":1,"minecraft:black_wool":7,"minecraft:bread":62,"minecraft:iron_pickaxe":19,"minecraft:map":3,"comforts:sleeping_bag_gray":3,"indrev:lead_sword":24,"minecraft:stone_axe":34,"regions_unexplored:maple_stairs":83,"travelersbackpack:standard":7,"minecraft:cooked_porkchop":4},"minecraft:dropped":{"minecraft:bread":4,"minecraft:wheat_seeds":2,"paladins:holy_wand":1,"minecraft:crafting_table":1,"botania:black_mystical_flower":2,"ae2:sky_stone_block":3,"minecraft:iron_helmet":1,"minecraft:cobblestone":2,"graveyard:corruption":1,"minecraft:dirt":19,"archon:propel_tome":2,"regions_unexplored:purple_coneflower":15,"minecraft:iron_axe":2,"travelersbackpack:backpack_tank":2,"twigs:twig":64,"minecraft:gold_ingot":2,"regions_unexplored:larch_shrub":3,"minecraft:golden_chestplate":1,"minecraft:coarse_dirt":4,"archon:cloudshot_tome":1,"minecraft:rotten_flesh":14,"minecraft:iron_boots":2,"minecraft:filled_map":2,"regions_unexplored:maple_stairs":1,"simplyswords:gold_katana":1,"minecraft:spruce_planks":4,"minecraft:iron_chestplate":1,"minecraft:chest":1,"minecraft:bow":1,"minecraft:stone_pickaxe":4,"comforts:sleeping_bag_gray":1},"minecraft:crafted":{"ironchests:iron_chest_upgrade":1,"regions_unexplored:maple_planks":116,"minecraft:furnace":1,"regions_unexplored:maple_stairs":76,"minecraft:iron_axe":1,"minecraft:stone_pickaxe":5,"minecraft:chest":1,"minecraft:cooked_porkchop":1,"minecraft:crafting_table":2,"minecraft:spruce_planks":36,"minecraft:wooden_pickaxe":1,"minecraft:iron_helmet":1,"minecraft:stone_axe":1,"mcdw:sword_katana":1,"minecraft:iron_chestplate":1,"minecraft:stick":30,"minecraft:stone_sword":1,"minecraft:iron_leggings":2,"indrev:lead_sword":1}},"DataVersion":3465}