{"stats":{"minecraft:killed":{"graveyard:ghoul":2,"graveyard:revenant":1,"minecraft:spider":4,"minecraft:skeleton":1,"minecraft:pillager":1,"minecraft:zombie":11,"minecraft:illusioner":1,"minecraft:cow":2},"minecraft:picked_up":{"minecraft:leather":3,"friendsandfoes:totem_of_illusion":1,"minecraft:enchanted_book":1,"minecraft:oak_log":6,"minecraft:brewing_stand":1,"minecraft:dirt":17,"ae2:damaged_budding_quartz":1,"minecraft:string":5,"minecraft:iron_axe":1,"botania:light_blue_mystical_flower":2,"minecraft:item_frame":2,"minecraft:bone":2,"minecraft:stone_bricks":2,"regions_unexplored:red_maple_shrub":1,"minecraft:wheat_seeds":3,"minecraft:beef":6,"comforts:sleeping_bag_gray":1,"twigs:twig":4,"ae2:flawed_budding_quartz":2,"minecraft:mossy_stone_brick_stairs":1,"minecraft:spruce_sapling":1,"minecraft:spruce_log":45,"minecraft:fermented_spider_eye":2,"ae2:quartz_block":2,"minecraft:diamond":1,"ae2:sky_stone_block":1,"minecraft:oak_wood":1,"minecraft:stone_sword":1,"minecraft:arrow":2,"minecraft:light_gray_bed":1,"minecraft:rotten_flesh":20,"comforts:sleeping_bag_blue":1,"ae2:chipped_budding_quartz":2,"ae2:certus_quartz_dust":1,"minecraft:writable_book":1,"minecraft:crossbow":3,"minecraft:painting":1,"minecraft:grass":2,"frostiful:wolf_fur_tuft":1,"minecraft:emerald":1,"minecraft:obsidian":1,"minecraft:white_wool":10,"archon:cloudshot_tome":1},"minecraft:broken":{"simplyswords:gold_greataxe":1},"minecraft:mined":{"minecraft:soul_fire":1,"minecraft:brewing_stand":1,"regions_unexplored:red_maple_shrub":1,"minecraft:oak_wood":1,"minecraft:light_gray_bed":1,"minecraft:spruce_log":17,"treechop:chopped_log":5,"minecraft:oak_log":1,"minecraft:stone_brick_stairs":1,"minecraft:grass":1,"minecraft:mossy_stone_brick_stairs":1,"ae2:quartz_block":2,"regions_unexplored:medium_grass":1,"minecraft:cracked_stone_bricks":2,"ae2:sky_stone_block":2,"minecraft:stone_bricks":3,"botania:light_blue_mystical_flower":2},"minecraft:custom":{"lootr:looted_stat":48,"minecraft:mob_kills":24,"minecraft:interact_with_crafting_table":9,"minecraft:open_barrel":3,"minecraft:damage_dealt_resisted":0,"minecraft:interact_with_grindstone":1,"minecraft:leave_game":2,"minecraft:time_since_death":85258,"minecraft:sleep_in_bed":5,"minecraft:climb_one_cm":255,"minecraft:hex":0,"minecraft:time_since_rest":425,"minecraft:sprint_one_cm":230413,"minecraft:damage_taken":1077,"minecraft:walk_one_cm":189492,"minecraft:damage_blocked_by_shield":670,"minecraft:drop":25,"minecraft:damage_dealt":4607,"minecraft:swim_one_cm":32595,"minecraft:talked_to_villager":1,"minecraft:fly_one_cm":246564,"minecraft:play_time":85258,"minecraft:open_chest":10,"minecraft:crouch_one_cm":4269,"minecraft:sneak_time":1556,"minecraft:walk_under_water_one_cm":2415,"minecraft:jump":1260,"minecraft:interact_with_brewingstand":1,"minecraft:walk_on_water_one_cm":5279,"minecraft:total_world_time":85258,"minecraft:fall_one_cm":35003},"minecraft:used":{"minecraft:water_bucket":13,"minecraft:stone_sword":9,"simplyswords:gold_greataxe":23,"minecraft:chest":2,"minecraft:shield":17,"minecraft:crafting_table":3,"simplyswords:diamond_longsword":75,"minecraft:crossbow":2,"minecraft:white_bed":1,"comforts:sleeping_bag_blue":1,"minecraft:shears":1,"minecraft:spruce_log":28,"minecraft:obsidian":1,"minecraft:apple":1,"minecraft:iron_axe":28,"minecraft:bread":23,"minecraft:iron_pickaxe":12,"ae2:sky_stone_block":1,"minecraft:item_frame":2,"minecraft:bucket":13,"brewery:hops":1,"minecraft:light_gray_bed":1,"simplyswords:toxic_longsword":45},"minecraft:dropped":{"minecraft:wheat_seeds":2,"minecraft:stone_sword":1,"archon:cloudshot_tome":1,"minecraft:crossbow":2,"minecraft:rotten_flesh":18,"minecraft:iron_helmet":1,"minecraft:flint":1,"minecraft:grass":2,"simplyswords:gold_katana":1,"minecraft:stone_bricks":2,"minecraft:spruce_log":22,"simplyswords:gold_chakram":1,"minecraft:iron_axe":1,"minecraft:white_wool":5,"minecraft:fermented_spider_eye":2,"comforts:sleeping_bag_gray":3},"minecraft:crafted":{"minecraft:oak_planks":16,"minecraft:crafting_table":3,"minecraft:spruce_planks":36,"comforts:sleeping_bag_white":1,"minecraft:blue_dye":1,"comforts:sleeping_bag_gray":2,"minecraft:iron_axe":1,"minecraft:stick":4,"minecraft:white_bed":1,"minecraft:iron_shovel":1,"minecraft:chest":2,"comforts:sleeping_bag_blue":1,"minecraft:shears":1}},"DataVersion":3465}