{"stats":{"minecraft:killed_by":{"minecraft:player":1,"minecells:leaping_zombie":1,"minecraft:zombie":1},"minecraft:killed":{"minecells:mutated_bat":19,"graveyard:revenant":1,"minecraft:spider":4,"minecells:undead_archer":7,"minecraft:skeleton":2,"minecraft:illusioner":1,"minecells:leaping_zombie":73,"minecells:protector":4,"minecells:grenadier":9,"graveyard:ghoul":2,"minecells:runner":13,"minecraft:pillager":1,"minecraft:zombie":15,"minecells:shieldbearer":4,"minecraft:cow":2},"minecraft:picked_up":{"minecells:putrid_sapling":2,"friendsandfoes:totem_of_illusion":1,"minecraft:enchanted_book":1,"minecraft:chain":1,"minecraft:brewing_stand":1,"minecraft:shield":1,"minecraft:string":6,"minecraft:iron_axe":1,"minecraft:item_frame":2,"minecraft:beef":6,"minecells:vine_rune":1,"minecraft:iron_nugget":1,"minecraft:iron_pickaxe":1,"minecraft:chest":3,"ae2:flawed_budding_quartz":2,"minecells:transposition_core":2,"minecraft:iron_boots":1,"minecells:guts":35,"minecells:monsters_eye":13,"minecells:arcane_goo":4,"ae2:sky_stone_block":1,"minecraft:stone_sword":1,"minecraft:arrow":7,"minecraft:light_gray_bed":1,"minecraft:rotten_flesh":48,"ae2:certus_quartz_dust":1,"minecraft:obsidian":1,"minecraft:white_wool":10,"archon:cloudshot_tome":1,"minecraft:leather":3,"minecraft:oak_log":9,"minecraft:gunpowder":4,"ae2:damaged_budding_quartz":1,"minecraft:dirt":17,"lootr:trophy":1,"botania:light_blue_mystical_flower":2,"minecells:putrid_planks":1,"minecraft:bone":2,"minecraft:stone_bricks":2,"regions_unexplored:red_maple_shrub":1,"minecraft:wheat_seeds":4,"comforts:sleeping_bag_gray":1,"twigs:twig":4,"minecraft:mossy_stone_brick_stairs":1,"simplyswords:bramblethorn":1,"minecells:monster_cell":49,"minecells:infected_flesh":25,"minecraft:spruce_sapling":1,"minecells:metal_shards":12,"minecraft:spruce_log":47,"minecraft:fermented_spider_eye":2,"ae2:quartz_block":2,"minecells:ramparts_dimensional_rune":1,"simplyswords:gold_sai":1,"minecraft:oak_wood":1,"minecraft:diamond":2,"comforts:sleeping_bag_blue":1,"minecells:explosive_bulb":10,"ae2:chipped_budding_quartz":2,"minecraft:writable_book":1,"minecraft:crossbow":3,"minecraft:painting":1,"minecraft:grass":2,"frostiful:wolf_fur_tuft":1,"minecraft:emerald":1,"minecells:blood_sword":1,"minecraft:diamond_pickaxe":1},"minecraft:broken":{"minecraft:iron_chestplate":2,"minecraft:iron_leggings":2,"minecraft:iron_helmet":1,"simplyswords:gold_greataxe":1},"minecraft:mined":{"minecraft:spruce_planks":1,"minecraft:brewing_stand":1,"regions_unexplored:red_maple_shrub":1,"minecraft:light_gray_bed":1,"regions_unexplored:maple_leaves":1,"minecraft:fire":9,"treechop:chopped_log":6,"minecraft:mossy_stone_brick_stairs":1,"regions_unexplored:medium_grass":1,"ae2:sky_stone_block":2,"botania:light_blue_mystical_flower":2,"lootr:lootr_chest":2,"minecraft:soul_fire":1,"minecells:putrid_planks":1,"minecraft:oak_wood":1,"minecraft:chest":1,"minecraft:glass":1,"minecraft:tall_grass":1,"minecells:alchemy_equipment_2":2,"minecraft:ice":1,"minecraft:spruce_log":18,"minecraft:stone_brick_stairs":1,"minecraft:grass":2,"ae2:quartz_block":2,"minecraft:oak_log":3,"minecraft:cobweb":1,"minecraft:cracked_stone_bricks":2,"minecraft:stone_bricks":3,"minecraft:oak_leaves":1,"minecraft:fern":1},"minecraft:custom":{"lootr:looted_stat":168,"minecraft:mob_kills":160,"minecraft:interact_with_crafting_table":21,"minecraft:open_barrel":3,"minecraft:damage_dealt_resisted":155,"minecraft:leave_game":3,"minecraft:time_since_death":8347,"minecraft:climb_one_cm":28218,"minecraft:damage_resisted":114,"minecraft:sprint_one_cm":663140,"minecraft:walk_one_cm":591187,"minecraft:damage_blocked_by_shield":1027,"minecraft:drop":95,"minecraft:talked_to_villager":1,"minecraft:play_time":230796,"minecraft:deaths":3,"minecraft:sneak_time":2799,"minecraft:walk_under_water_one_cm":3319,"minecraft:jump":3546,"minecraft:interact_with_brewingstand":1,"minecraft:walk_on_water_one_cm":13349,"minecraft:total_world_time":230796,"minecraft:interact_with_grindstone":1,"minecraft:sleep_in_bed":10,"minecraft:hex":0,"minecraft:time_since_rest":4991,"minecraft:damage_taken":5022,"minecraft:damage_dealt":28968,"minecraft:swim_one_cm":47552,"minecraft:fly_one_cm":810106,"minecraft:open_chest":71,"minecraft:crouch_one_cm":8345,"minecraft:threat":5,"minecraft:fall_one_cm":96023},"minecraft:used":{"minecraft:stone_sword":9,"minecraft:chest":9,"minecraft:shield":23,"lootr:trophy":2,"minecraft:iron_chestplate":1,"simplyswords:diamond_longsword":281,"simplyswords:storms_edge":509,"minecraft:obsidian":1,"minecells:bloomrock_tiles":6,"minecraft:iron_axe":28,"ae2:sky_stone_block":1,"minecraft:iron_helmet":2,"minecraft:item_frame":2,"brewery:hops":1,"minecells:putrid_log":7,"simplyswords:ribboncleaver":32,"minecraft:light_gray_bed":1,"minecraft:iron_leggings":1,"minecraft:water_bucket":14,"simplyswords:gold_greataxe":23,"minecells:putrid_planks":13,"simplyswords:bramblethorn":4,"minecraft:crafting_table":3,"minecraft:crossbow":3,"minecraft:white_bed":1,"comforts:sleeping_bag_blue":1,"minecraft:shears":1,"minecraft:spruce_log":28,"simplyswords:mjolnir":40,"simplyswords:iron_greathammer":21,"minecraft:apple":33,"minecraft:bread":65,"minecraft:iron_pickaxe":12,"simplyswords:wickpiercer":6,"minecraft:chain":5,"minecraft:bucket":14,"minecraft:cobweb":1,"simplyswords:toxic_longsword":45},"minecraft:dropped":{"minecraft:wheat_seeds":3,"simplyswords:bramblethorn":2,"minecraft:crossbow":2,"minecraft:iron_helmet":1,"minecells:blood_sword":1,"minecells:arcane_goo":4,"minecells:putrid_sapling":2,"minecells:monsters_eye":9,"minecraft:flint":1,"minecells:nutcracker":1,"minecraft:dirt":17,"minecraft:grass":2,"minecells:infected_flesh":9,"minecells:explosive_bulb":7,"minecraft:iron_leggings":1,"minecells:metal_shards":8,"simplyswords:gold_chakram":1,"minecraft:iron_axe":1,"minecraft:iron_pickaxe":1,"minecraft:fermented_spider_eye":2,"minecraft:white_wool":5,"minecraft:iron_nugget":1,"simplyswords:gold_sai":1,"minecraft:stone_sword":1,"archon:cloudshot_tome":1,"minecraft:rotten_flesh":34,"minecraft:iron_boots":1,"minecraft:shield":1,"minecraft:gunpowder":2,"simplyswords:gold_katana":1,"minecraft:iron_chestplate":1,"minecraft:stone_bricks":2,"minecells:guts":20,"minecells:health_flask":2,"minecraft:spruce_log":22,"minecraft:arrow":1,"comforts:sleeping_bag_gray":3},"minecraft:crafted":{"minecraft:oak_planks":40,"comforts:sleeping_bag_white":1,"minecells:putrid_planks":56,"minecraft:iron_axe":1,"minecraft:chest":6,"minecraft:diamond_boots":1,"comforts:sleeping_bag_blue":1,"minecraft:crafting_table":3,"minecraft:spruce_planks":44,"minecraft:iron_helmet":2,"minecraft:blue_dye":1,"comforts:sleeping_bag_gray":2,"minecraft:iron_chestplate":3,"minecraft:stick":4,"minecraft:iron_shovel":1,"minecraft:iron_leggings":3,"minecraft:white_bed":1,"minecraft:shears":1}},"DataVersion":3465}