{"stats":{"minecraft:dropped":{"minecraft:stone_sword":1,"archon:cloudshot_tome":1,"minecraft:iron_helmet":1,"minecraft:flint":1,"simplyswords:gold_katana":1,"minecraft:stone_bricks":2,"minecraft:spruce_log":22,"simplyswords:gold_chakram":1,"minecraft:iron_axe":1,"minecraft:fermented_spider_eye":2,"comforts:sleeping_bag_gray":3},"minecraft:crafted":{"minecraft:oak_planks":4,"minecraft:crafting_table":2,"minecraft:spruce_planks":36,"comforts:sleeping_bag_white":1,"minecraft:blue_dye":1,"comforts:sleeping_bag_gray":2,"minecraft:iron_axe":1,"minecraft:stick":4,"minecraft:chest":2,"minecraft:iron_shovel":1,"comforts:sleeping_bag_blue":1},"minecraft:used":{"minecraft:water_bucket":13,"minecraft:stone_sword":9,"simplyswords:gold_greataxe":9,"minecraft:chest":2,"minecraft:shield":15,"minecraft:crafting_table":2,"comforts:sleeping_bag_blue":1,"minecraft:spruce_log":28,"minecraft:obsidian":1,"minecraft:apple":1,"minecraft:iron_axe":28,"minecraft:bread":22,"minecraft:iron_pickaxe":12,"ae2:sky_stone_block":1,"minecraft:item_frame":2,"brewery:hops":1,"minecraft:bucket":13,"simplyswords:toxic_longsword":45,"minecraft:light_gray_bed":1},"minecraft:killed":{"graveyard:ghoul":1,"graveyard:revenant":1,"minecraft:spider":4,"minecraft:skeleton":1,"minecraft:pillager":1,"minecraft:illusioner":1,"minecraft:cow":2},"minecraft:picked_up":{"minecraft:leather":3,"friendsandfoes:totem_of_illusion":1,"minecraft:brewing_stand":1,"ae2:damaged_budding_quartz":1,"minecraft:string":5,"minecraft:iron_axe":1,"botania:light_blue_mystical_flower":2,"minecraft:item_frame":2,"minecraft:bone":2,"minecraft:stone_bricks":2,"regions_unexplored:red_maple_shrub":1,"minecraft:wheat_seeds":1,"minecraft:beef":6,"comforts:sleeping_bag_gray":1,"twigs:twig":4,"ae2:flawed_budding_quartz":2,"minecraft:mossy_stone_brick_stairs":1,"minecraft:spruce_sapling":1,"minecraft:spruce_log":45,"minecraft:fermented_spider_eye":2,"ae2:quartz_block":2,"ae2:sky_stone_block":1,"minecraft:oak_wood":1,"minecraft:arrow":2,"minecraft:stone_sword":1,"minecraft:light_gray_bed":1,"minecraft:rotten_flesh":2,"comforts:sleeping_bag_blue":1,"ae2:chipped_budding_quartz":2,"ae2:certus_quartz_dust":1,"minecraft:writable_book":1,"minecraft:crossbow":2,"minecraft:painting":1,"frostiful:wolf_fur_tuft":1,"minecraft:emerald":1,"minecraft:obsidian":1,"archon:cloudshot_tome":1},"minecraft:mined":{"minecraft:soul_fire":1,"minecraft:brewing_stand":1,"regions_unexplored:red_maple_shrub":1,"minecraft:oak_wood":1,"minecraft:light_gray_bed":1,"minecraft:spruce_log":17,"treechop:chopped_log":5,"minecraft:stone_brick_stairs":1,"minecraft:mossy_stone_brick_stairs":1,"ae2:quartz_block":2,"minecraft:cracked_stone_bricks":2,"regions_unexplored:medium_grass":1,"ae2:sky_stone_block":2,"minecraft:stone_bricks":3,"botania:light_blue_mystical_flower":2},"minecraft:custom":{"lootr:looted_stat":47,"minecraft:mob_kills":12,"minecraft:interact_with_crafting_table":8,"minecraft:open_barrel":3,"minecraft:interact_with_grindstone":1,"minecraft:leave_game":2,"minecraft:time_since_death":74180,"minecraft:sleep_in_bed":4,"minecraft:hex":0,"minecraft:time_since_rest":11793,"minecraft:sprint_one_cm":214276,"minecraft:damage_taken":788,"minecraft:walk_one_cm":157329,"minecraft:damage_blocked_by_shield":555,"minecraft:drop":17,"minecraft:damage_dealt":2336,"minecraft:swim_one_cm":32595,"minecraft:talked_to_villager":1,"minecraft:fly_one_cm":218188,"minecraft:open_chest":10,"minecraft:crouch_one_cm":3963,"minecraft:play_time":74180,"minecraft:sneak_time":1453,"minecraft:walk_under_water_one_cm":2415,"minecraft:jump":1091,"minecraft:interact_with_brewingstand":1,"minecraft:walk_on_water_one_cm":5279,"minecraft:total_world_time":74180,"minecraft:fall_one_cm":31766}},"DataVersion":3465}