{"stats":{"minecraft:killed_by":{"minecraft:zombie":1,"minecraft:player":1,"bosses_of_mass_destruction:gauntlet":3,"minecells:leaping_zombie":1},"minecraft:killed":{"minecraft:zombified_piglin":1,"minecraft:witch":1,"graveyard:skeleton_creeper":1,"minecraft:spider":14,"betternether:firefly":2,"fishofthieves:wildsplash":3,"minecraft:skeleton":40,"minecraft:illusioner":2,"minecells:leaping_zombie":73,"minecells:grenadier":9,"minecells:protector":4,"minecraft:piglin_brute":1,"fishofthieves:splashtail":4,"minecraft:magma_cube":91,"minecraft:piglin":5,"minecraft:zombie_villager":1,"naturalist:firefly":1,"minecraft:salmon":131,"minecraft:creeper":7,"minecraft:pillager":5,"tinyskeletons:baby_skeleton":2,"minecraft:zombie":47,"minecells:shieldbearer":4,"minecraft:cow":5,"minecells:mutated_bat":19,"graveyard:revenant":5,"minecraft:vindicator":1,"minecells:undead_archer":7,"fishofthieves:pondie":8,"bewitchment:ghost":2,"mythicmobs:chupacabra":1,"adventurez:orc":1,"graveyard:ghoul":3,"minecells:runner":13,"minecraft:hoglin":2,"minecraft:squid":21,"minecraft:enderman":6},"minecraft:picked_up":{"techreborn:raw_tin":2,"regions_unexplored:silt_dirt":22,"minecraft:enchanted_book":1,"minecraft:gilded_blackstone":3,"croptopia:calamari":20,"minecraft:brewing_stand":2,"betternether:nether_reed_stem":3,"minecraft:golden_sword":2,"minecraft:polished_blackstone_brick_stairs":9,"minecraft:string":12,"minecraft:cooked_salmon":98,"minecraft:iron_leggings":1,"minecraft:gold_nugget":5,"minecraft:cobbled_deepslate":127,"twigs:pebble":1,"minecraft:iron_pickaxe":1,"ae2:flawed_budding_quartz":2,"minecells:transposition_core":2,"minecraft:iron_boots":1,"minecells:guts":35,"minecraft:jukebox":1,"minecraft:torch":9,"minecraft:porkchop":2,"minecraft:golden_axe":1,"minecraft:diorite":3,"ae2:sky_stone_block":1,"minecraft:stone_sword":1,"minecraft:light_gray_bed":1,"minecraft:rotten_flesh":87,"artifacts:villager_hat":1,"betternether:feather_fern":7,"minecraft:obsidian":11,"adventurez:orc_skin":2,"minecraft:cobblestone":85,"archon:cloudshot_tome":1,"minecraft:feather":4,"minecraft:magma_cream":6,"minecraft:andesite":4,"minecraft:brown_wool":4,"regions_unexplored:silver_birch_shrub":1,"herbalbrews:tea_blossom":2,"minecraft:tuff":35,"supplementaries:flax_seeds":2,"mcdw:glaive_cackling_broom":1,"lootr:trophy":1,"fishofthieves:wildsplash":3,"ae2:damaged_budding_quartz":1,"minecraft:lantern":1,"minecraft:dirt":135,"wizards:wand_novice":5,"minecraft:bone":50,"invoke:invoker_spell_book":1,"minecraft:bow":1,"regions_unexplored:red_maple_shrub":1,"minecraft:wheat_seeds":17,"fishofthieves:earthworms":18,"minecraft:glowstone_dust":2,"twigs:twig":4,"croptopia:roe":117,"minecraft:mossy_stone_brick_stairs":1,"minecraft:chiseled_polished_blackstone":1,"betternether:wall_moss":3,"fishofthieves:pondie":11,"techreborn:raw_lead":2,"minecraft:ink_sac":31,"minecells:metal_shards":12,"minecraft:fermented_spider_eye":2,"minecraft:trapped_chest":1,"ae2:quartz_block":2,"minecraft:mossy_cobblestone":10,"simplyswords:gold_sai":1,"fishofthieves:splashtail":6,"minecraft:sugar":2,"archon:grimoire":1,"minecells:explosive_bulb":10,"minecraft:diamond":3,"comforts:sleeping_bag_blue":1,"ae2:chipped_budding_quartz":2,"minecraft:writable_book":1,"minecraft:cracked_polished_blackstone_bricks":9,"minecraft:crossbow":3,"minecraft:granite":8,"minecraft:grass":2,"minecraft:bone_meal":3,"frostiful:wolf_fur_tuft":1,"minecraft:emerald":3,"twigs:rhyolite":4,"minecraft:netherrack":32,"minecraft:diamond_pickaxe":1,"modern_industrialization:lignite_coal":3,"minecells:putrid_sapling":2,"minecraft:coarse_dirt":18,"archers:archer_spell_book":1,"minecraft:brown_mushroom":1,"runes:crafting_altar":2,"friendsandfoes:totem_of_illusion":2,"minecraft:chain":1,"minecraft:shield":1,"minecraft:iron_axe":1,"minecraft:item_frame":2,"minecraft:blackstone":80,"mythicmobs:chupacabra_raw_meat":1,"minecraft:beef":12,"regions_unexplored:maple_leaf_pile":3,"minecells:vine_rune":1,"minecraft:iron_nugget":1,"minecraft:chest":3,"minecraft:raw_iron":5,"regions_unexplored:silver_birch_leaf_pile":1,"betternether:wall_mushroom_red":6,"minecells:monsters_eye":13,"minecells:arcane_goo":4,"techreborn:ruby_gem":1,"minecraft:polished_blackstone_bricks":34,"regions_unexplored:silt_grass_block":1,"minecraft:weeping_vines":7,"bewitchment:garlic":2,"minecraft:arrow":40,"ae2:certus_quartz_dust":1,"minecraft:skeleton_skull":1,"minecraft:white_wool":10,"minecraft:basalt":11,"minecraft:salmon":119,"minecraft:leather":8,"minecraft:red_mushroom":5,"minecraft:oak_log":9,"paladins:paladin_spell_book":1,"minecraft:gunpowder":18,"botania:light_blue_mystical_flower":2,"naturalist:glow_goop":1,"minecells:putrid_planks":1,"minecraft:stone_bricks":2,"bewitchment:mandrake_seeds":1,"comforts:sleeping_bag_gray":1,"minecraft:soul_sand":3,"regions_unexplored:orange_maple_leaf_pile":1,"simplyswords:bramblethorn":1,"betternether:black_bush":1,"minecraft:pumpkin":1,"minecells:monster_cell":49,"minecells:infected_flesh":25,"minecraft:gravel":1,"bewitchment:belladonna_seeds":2,"minecraft:spruce_sapling":1,"minecraft:spruce_log":47,"minecells:ramparts_dimensional_rune":1,"minecraft:spider_eye":5,"fishofthieves:fish_bone":2,"travelersbackpack:standard":1,"minecraft:oak_wood":1,"minecraft:painting":1,"minecells:blood_sword":1,"minecraft:ender_pearl":5},"minecraft:broken":{"minecraft:iron_boots":1,"minecraft:iron_chestplate":3,"minecraft:iron_leggings":3,"minecraft:diamond_boots":1,"minecraft:iron_helmet":3,"simplyswords:gold_greataxe":1},"minecraft:mined":{"minecraft:spruce_planks":1,"betternether:nether_reed_stem":2,"minecraft:brewing_stand":2,"minecraft:obsidian":10,"regions_unexplored:red_maple_shrub":1,"minecraft:granite":8,"minecraft:chiseled_polished_blackstone":1,"minecraft:grass_block":68,"minecraft:brown_wool":1,"minecraft:cracked_polished_blackstone_bricks":5,"minecraft:light_gray_bed":1,"modern_industrialization:lignite_coal_ore":3,"minecraft:weeping_vines_plant":1,"minecraft:gilded_blackstone":3,"minecraft:polished_blackstone_bricks":3,"regions_unexplored:stone_bud":22,"minecraft:cobbled_deepslate":1,"minecraft:fire":10,"regions_unexplored:mossy_stone":12,"techreborn:deepslate_lead_ore":2,"botania:light_blue_mystical_flower":2,"regions_unexplored:silt_grass_block":22,"lootr:lootr_chest":2,"minecraft:blackstone":69,"minecraft:soul_fire":1,"minecells:putrid_planks":1,"minecraft:torch":9,"minecraft:chest":1,"minecraft:glass":1,"minecraft:cobblestone":1,"minecells:alchemy_equipment_2":2,"betternether:willow_leaves":5,"minecraft:jukebox":1,"minecraft:stone_brick_stairs":1,"minecraft:grass":5,"ae2:quartz_block":2,"minecraft:oak_log":3,"minecraft:dirt":6,"twigs:rhyolite":5,"minecraft:netherrack":25,"minecraft:oak_leaves":1,"minecraft:deepslate":129,"minecraft:tuff":35,"minecraft:deepslate_diamond_ore":1,"regions_unexplored:maple_leaves":1,"runes:crafting_altar":2,"minecraft:andesite":4,"betternether:feather_fern":1,"treechop:chopped_log":6,"betternether:wall_moss":1,"minecraft:mossy_stone_brick_stairs":1,"minecraft:deepslate_iron_ore":5,"regions_unexplored:medium_grass":10,"ae2:sky_stone_block":2,"minecraft:stone":81,"minecraft:soul_sand":3,"regions_unexplored:silver_birch_leaf_pile":1,"travelersbackpack:standard":1,"minecraft:oak_wood":1,"minecraft:tall_grass":1,"minecraft:diorite":3,"techreborn:tin_ore":2,"supplementaries:urn":1,"minecraft:coarse_dirt":18,"betternether:blooming_vine":1,"techreborn:ruby_ore":1,"minecraft:ice":1,"minecraft:spruce_log":18,"betternether:wall_mushroom_red":2,"minecraft:gravel":1,"minecraft:cobweb":1,"minecraft:cracked_stone_bricks":2,"minecraft:stone_bricks":3,"minecraft:fern":1},"minecraft:custom":{"lootr:looted_stat":181,"minecraft:interact_with_crafting_table":44,"minecraft:open_barrel":3,"minecraft:leave_game":6,"minecraft:time_since_death":6690,"minecraft:damage_resisted":864,"minecraft:sprint_one_cm":1138585,"minecraft:damage_blocked_by_shield":1171,"minecraft:drop":177,"minecraft:talked_to_villager":24,"minecraft:play_time":457385,"minecraft:deaths":6,"minecraft:jump":7055,"minecraft:interact_with_brewingstand":1,"minecraft:walk_on_water_one_cm":64596,"minecraft:interact_with_furnace":21,"minecraft:traded_with_villager":29,"minecraft:sleep_in_bed":16,"minecraft:damage_dealt":69718,"minecraft:crouch_one_cm":16587,"minecraft:interact_with_smithing_table":4,"minecraft:mob_kills":556,"minecraft:interact_with_anvil":2,"minecraft:interact_with_campfire":98,"minecraft:damage_dealt_resisted":1167,"minecraft:climb_one_cm":31214,"minecraft:walk_one_cm":1051266,"minecraft:sneak_time":6699,"minecraft:walk_under_water_one_cm":72383,"minecraft:total_world_time":457385,"minecraft:interact_with_grindstone":1,"minecraft:hex":0,"minecraft:time_since_rest":6716,"minecraft:damage_taken":12005,"minecraft:swim_one_cm":154606,"minecraft:fly_one_cm":1351921,"minecraft:open_chest":267,"minecraft:threat":17,"minecraft:fall_one_cm":198421},"minecraft:used":{"minecraft:iron_shovel":116,"minecraft:chest":9,"minecraft:shield":23,"lootr:trophy":2,"minecraft:iron_chestplate":1,"minecraft:tuff":6,"travelersbackpack:emerald":3,"minecraft:obsidian":11,"friendsandfoes:totem_of_illusion":1,"minecraft:iron_helmet":2,"minecraft:item_frame":2,"brewery:hops":1,"minecraft:skeleton_skull":1,"simplyswords:dormant_relic":1,"simplyswords:ribboncleaver":32,"minecraft:diorite":3,"simplyswords:gold_greataxe":23,"minecraft:blackstone":2,"simplyswords:bramblethorn":18,"minecraft:crossbow":3,"comforts:sleeping_bag_blue":1,"minecraft:shears":1,"simplyswords:mjolnir":318,"simplyswords:iron_greathammer":21,"minecraft:bread":106,"minecraft:brown_wool":1,"minecraft:gravel":1,"minecraft:andesite":4,"minecraft:chain":5,"minecraft:coarse_dirt":8,"simplyswords:toxic_longsword":45,"minecraft:cobweb":1,"minecraft:stone_sword":9,"minecraft:cooked_salmon":40,"minecraft:torch":9,"minecraft:brewing_stand":1,"minecraft:dirt":11,"simplyswords:diamond_longsword":281,"simplyswords:storms_edge":509,"minecells:bloomrock_tiles":6,"minecraft:iron_axe":28,"ae2:sky_stone_block":1,"minecells:blood_sword":133,"minecells:putrid_log":7,"minecraft:trapped_chest":1,"minecraft:cobbled_deepslate":91,"minecraft:pumpkin":1,"minecraft:light_gray_bed":1,"minecraft:iron_leggings":1,"minecraft:water_bucket":37,"minecells:putrid_planks":13,"minecraft:mossy_cobblestone":1,"minecraft:crafting_table":3,"minecraft:white_bed":1,"minecraft:campfire":5,"minecraft:spruce_log":28,"simplyswords:watching_warglaive":7,"minecraft:diamond_pickaxe":440,"minecraft:apple":33,"runes:crafting_altar":2,"minecraft:cracked_polished_blackstone_bricks":1,"minecraft:iron_pickaxe":12,"simplyswords:wickpiercer":606,"minecraft:cobblestone":25,"travelersbackpack:standard":4,"minecraft:bucket":44,"minecraft:jukebox":1},"minecraft:dropped":{"betternether:wall_mushroom_red":5,"minecraft:porkchop":2,"minecraft:crossbow":2,"minecraft:weeping_vines":1,"minecells:blood_sword":1,"minecells:arcane_goo":4,"minecells:putrid_sapling":2,"minecells:monsters_eye":9,"minecraft:red_mushroom":2,"minecraft:flint":1,"minecraft:cracked_polished_blackstone_bricks":3,"twigs:pebble":1,"minecells:nutcracker":1,"minecraft:dirt":17,"minecraft:grass":2,"minecells:infected_flesh":9,"minecraft:gilded_blackstone":3,"minecraft:gold_nugget":3,"minecraft:bone_meal":2,"simplyswords:gold_chakram":1,"minecraft:polished_blackstone_bricks":2,"minecraft:sugar":2,"minecraft:iron_pickaxe":1,"minecraft:fermented_spider_eye":2,"minecraft:white_wool":5,"wizards:wizard_robe_feet":3,"bewitchment:belladonna_seeds":1,"betternether:wall_moss":3,"minecraft:chiseled_polished_blackstone":1,"minecraft:blackstone":56,"minecraft:iron_nugget":1,"mcdw:glaive_cackling_broom":1,"archon:cloudshot_tome":1,"minecraft:rotten_flesh":52,"wizards:wand_novice":15,"travelersbackpack:gold_tier_upgrade":1,"supplementaries:flax_seeds":2,"herbalbrews:tea_blossom":2,"regions_unexplored:silt_grass_block":1,"minecraft:gunpowder":2,"modern_industrialization:lignite_coal":3,"minecraft:arrow":4,"minecraft:wheat_seeds":6,"betternether:feather_fern":5,"simplyswords:bramblethorn":2,"techreborn:raw_lead":2,"minecraft:golden_axe":1,"minecraft:iron_helmet":1,"minecraft:cobblestone":3,"naturalist:glow_goop":1,"minecells:explosive_bulb":7,"minecraft:iron_leggings":3,"minecells:metal_shards":8,"minecraft:iron_axe":1,"regions_unexplored:silver_birch_leaf_pile":1,"simplyswords:gold_sai":1,"minecraft:stone_sword":1,"minecraft:iron_boots":1,"fishofthieves:fish_bone":2,"minecraft:filled_map":3,"minecraft:shield":1,"regions_unexplored:maple_leaf_pile":3,"simplyswords:gold_katana":1,"minecraft:iron_chestplate":1,"bewitchment:ectoplasm":1,"minecraft:golden_sword":2,"croptopia:roe":96,"minecraft:stone_bricks":2,"minecells:guts":20,"minecells:health_flask":2,"minecraft:spruce_log":22,"minecraft:bow":1,"regions_unexplored:orange_maple_leaf_pile":1,"comforts:sleeping_bag_gray":3,"wizards:wizard_robe_head":3},"minecraft:crafted":{"minecraft:oak_planks":40,"comforts:sleeping_bag_brown":1,"runes:arcane_stone":80,"minecells:putrid_planks":56,"wizards:wand_novice":13,"minecraft:glass":32,"runes:healing_stone":128,"minecraft:iron_boots":2,"minecraft:chest":7,"minecraft:glass_bottle":15,"prominent:knowledge_scroll":4,"travelersbackpack:iron_tier_upgrade":1,"wizards:wizard_robe_feet":3,"minecraft:crafting_table":3,"travelersbackpack:lapis":1,"minecraft:spruce_planks":52,"travelersbackpack:standard":2,"minecraft:iron_helmet":3,"minecraft:campfire":5,"travelersbackpack:emerald":1,"comforts:sleeping_bag_gray":2,"minecraft:iron_chestplate":4,"wizards:wizard_robe_head":3,"minecraft:stick":8,"minecraft:iron_ingot":69,"minecraft:gold_ingot":24,"minecraft:shears":1,"comforts:sleeping_bag_white":1,"travelersbackpack:blank_upgrade":4,"travelersbackpack:gold_tier_upgrade":2,"minecraft:iron_axe":1,"minecraft:iron_hoe":1,"minecraft:diamond_boots":1,"comforts:sleeping_bag_blue":1,"travelersbackpack:backpack_tank":2,"minecraft:bucket":1,"minecraft:air":0,"minecraft:blue_dye":1,"minecraft:gold_nugget":288,"minecraft:iron_shovel":1,"minecraft:iron_leggings":5,"minecraft:white_bed":1,"minecraft:lapis_block":4}},"DataVersion":3465}