{"stats":{"minecraft:killed":{"minecraft:skeleton":1,"graveyard:revenant":1,"minecraft:spider":3,"minecraft:cow":1},"minecraft:picked_up":{"minecraft:leather":1,"minecraft:spruce_log":44,"minecraft:string":5,"minecraft:stone_sword":1,"minecraft:bone":2,"minecraft:light_gray_bed":1,"regions_unexplored:red_maple_shrub":1,"minecraft:wheat_seeds":1,"minecraft:beef":3,"frostiful:wolf_fur_tuft":1,"archon:cloudshot_tome":1},"minecraft:mined":{"minecraft:spruce_log":17,"treechop:chopped_log":5,"regions_unexplored:red_maple_shrub":1,"minecraft:light_gray_bed":1,"regions_unexplored:medium_grass":1},"minecraft:custom":{"minecraft:time_since_rest":6484,"lootr:looted_stat":22,"minecraft:sprint_one_cm":88237,"minecraft:damage_taken":381,"minecraft:walk_one_cm":65316,"minecraft:damage_blocked_by_shield":295,"minecraft:mob_kills":7,"minecraft:drop":6,"minecraft:damage_dealt":1411,"minecraft:talked_to_villager":1,"minecraft:interact_with_crafting_table":5,"minecraft:fly_one_cm":77717,"minecraft:open_chest":2,"minecraft:crouch_one_cm":948,"minecraft:play_time":26664,"minecraft:sneak_time":710,"minecraft:jump":395,"minecraft:interact_with_grindstone":1,"minecraft:time_since_death":26664,"minecraft:sleep_in_bed":1,"minecraft:total_world_time":26664,"minecraft:hex":0,"minecraft:fall_one_cm":9696},"minecraft:used":{"minecraft:stone_sword":9,"minecraft:iron_axe":27,"minecraft:bread":9,"minecraft:chest":2,"minecraft:shield":10,"minecraft:crafting_table":1,"brewery:hops":1,"minecraft:light_gray_bed":1,"minecraft:spruce_log":28,"simplyswords:toxic_longsword":39},"minecraft:dropped":{"minecraft:stone_sword":1,"archon:cloudshot_tome":1,"minecraft:spruce_log":22,"minecraft:flint":1},"minecraft:crafted":{"minecraft:iron_axe":1,"minecraft:crafting_table":1,"minecraft:spruce_planks":36,"minecraft:chest":2}},"DataVersion":3465}