{"stats":{"minecraft:dropped":{"minecraft:wheat_seeds":3,"simplyswords:bramblethorn":2,"minecraft:crossbow":2,"minecraft:iron_helmet":1,"minecells:blood_sword":1,"minecells:arcane_goo":4,"minecells:putrid_sapling":2,"minecells:monsters_eye":9,"minecraft:flint":1,"minecells:nutcracker":1,"minecraft:dirt":17,"minecraft:grass":2,"minecells:infected_flesh":9,"minecells:explosive_bulb":7,"minecraft:iron_leggings":2,"minecells:metal_shards":8,"simplyswords:gold_chakram":1,"minecraft:iron_axe":1,"minecraft:iron_pickaxe":1,"regions_unexplored:silver_birch_leaf_pile":1,"minecraft:fermented_spider_eye":2,"minecraft:white_wool":5,"minecraft:iron_nugget":1,"simplyswords:gold_sai":1,"minecraft:stone_sword":1,"archon:cloudshot_tome":1,"minecraft:rotten_flesh":34,"minecraft:iron_boots":1,"minecraft:shield":1,"minecraft:gunpowder":2,"simplyswords:gold_katana":1,"minecraft:iron_chestplate":1,"minecraft:stone_bricks":2,"minecells:guts":20,"minecells:health_flask":2,"minecraft:spruce_log":22,"minecraft:bow":1,"minecraft:arrow":1,"comforts:sleeping_bag_gray":3},"minecraft:crafted":{"minecraft:oak_planks":40,"comforts:sleeping_bag_white":1,"comforts:sleeping_bag_brown":1,"minecells:putrid_planks":56,"minecraft:iron_axe":1,"minecraft:iron_hoe":1,"minecraft:chest":6,"minecraft:diamond_boots":1,"comforts:sleeping_bag_blue":1,"prominent:knowledge_scroll":4,"travelersbackpack:iron_tier_upgrade":1,"minecraft:crafting_table":3,"minecraft:spruce_planks":44,"travelersbackpack:standard":1,"minecraft:iron_helmet":2,"minecraft:bucket":1,"minecraft:blue_dye":1,"comforts:sleeping_bag_gray":2,"minecraft:iron_chestplate":3,"minecraft:stick":8,"minecraft:iron_shovel":1,"minecraft:iron_leggings":3,"minecraft:white_bed":1,"minecraft:shears":1},"minecraft:used":{"minecraft:stone_sword":9,"minecraft:iron_shovel":116,"minecraft:chest":9,"minecraft:shield":23,"lootr:trophy":2,"minecraft:iron_chestplate":1,"minecraft:torch":9,"minecraft:dirt":9,"simplyswords:diamond_longsword":281,"simplyswords:storms_edge":509,"minecraft:obsidian":1,"minecells:bloomrock_tiles":6,"minecraft:iron_axe":28,"ae2:sky_stone_block":1,"minecells:blood_sword":27,"minecraft:iron_helmet":2,"minecraft:item_frame":2,"brewery:hops":1,"minecells:putrid_log":7,"simplyswords:ribboncleaver":32,"minecraft:light_gray_bed":1,"minecraft:iron_leggings":1,"minecraft:water_bucket":18,"simplyswords:gold_greataxe":23,"minecells:putrid_planks":13,"simplyswords:bramblethorn":4,"minecraft:crafting_table":3,"minecraft:crossbow":3,"minecraft:white_bed":1,"comforts:sleeping_bag_blue":1,"minecraft:shears":1,"minecraft:spruce_log":28,"simplyswords:mjolnir":40,"simplyswords:iron_greathammer":21,"minecraft:diamond_pickaxe":60,"minecraft:apple":33,"minecraft:bread":85,"minecraft:brown_wool":1,"minecraft:iron_pickaxe":12,"simplyswords:wickpiercer":246,"minecraft:cobblestone":3,"travelersbackpack:standard":1,"minecraft:chain":5,"minecraft:bucket":19,"minecraft:coarse_dirt":8,"minecraft:cobweb":1,"simplyswords:toxic_longsword":45},"minecraft:killed":{"minecells:mutated_bat":19,"graveyard:revenant":5,"minecraft:vindicator":1,"minecraft:spider":6,"minecells:undead_archer":7,"fishofthieves:pondie":8,"fishofthieves:wildsplash":3,"minecraft:skeleton":20,"minecraft:illusioner":2,"minecells:leaping_zombie":73,"minecells:protector":4,"minecells:grenadier":9,"fishofthieves:splashtail":4,"graveyard:ghoul":2,"minecells:runner":13,"minecraft:salmon":2,"minecraft:creeper":2,"minecraft:squid":8,"minecraft:pillager":5,"tinyskeletons:baby_skeleton":1,"minecraft:zombie":34,"minecells:shieldbearer":4,"minecraft:enderman":2,"minecraft:cow":2},"minecraft:picked_up":{"techreborn:raw_tin":2,"minecells:putrid_sapling":2,"minecraft:coarse_dirt":18,"regions_unexplored:silt_dirt":22,"friendsandfoes:totem_of_illusion":2,"minecraft:enchanted_book":1,"croptopia:calamari":8,"minecraft:chain":1,"minecraft:brewing_stand":1,"minecraft:shield":1,"minecraft:string":8,"minecraft:iron_axe":1,"minecraft:iron_leggings":1,"minecraft:item_frame":2,"minecraft:beef":6,"minecells:vine_rune":1,"minecraft:iron_nugget":1,"minecraft:iron_pickaxe":1,"minecraft:chest":3,"ae2:flawed_budding_quartz":2,"minecells:transposition_core":2,"minecraft:iron_boots":1,"minecells:guts":35,"regions_unexplored:silver_birch_leaf_pile":1,"minecraft:torch":9,"minecells:monsters_eye":13,"minecells:arcane_goo":4,"techreborn:ruby_gem":1,"ae2:sky_stone_block":1,"minecraft:stone_sword":1,"minecraft:arrow":25,"minecraft:light_gray_bed":1,"minecraft:rotten_flesh":68,"ae2:certus_quartz_dust":1,"minecraft:obsidian":1,"minecraft:white_wool":10,"minecraft:cobblestone":29,"archon:cloudshot_tome":1,"minecraft:salmon":2,"minecraft:brown_wool":4,"minecraft:leather":3,"regions_unexplored:silver_birch_shrub":1,"minecraft:red_mushroom":3,"minecraft:oak_log":9,"minecraft:gunpowder":8,"ae2:damaged_budding_quartz":1,"fishofthieves:wildsplash":3,"minecraft:dirt":115,"lootr:trophy":1,"botania:light_blue_mystical_flower":2,"minecells:putrid_planks":1,"minecraft:bone":30,"minecraft:stone_bricks":2,"minecraft:bow":1,"regions_unexplored:red_maple_shrub":1,"minecraft:wheat_seeds":14,"bewitchment:mandrake_seeds":1,"fishofthieves:earthworms":12,"comforts:sleeping_bag_gray":1,"croptopia:roe":2,"twigs:twig":4,"minecraft:mossy_stone_brick_stairs":1,"simplyswords:bramblethorn":1,"minecraft:pumpkin":1,"minecells:monster_cell":49,"fishofthieves:pondie":11,"minecells:infected_flesh":25,"bewitchment:belladonna_seeds":1,"minecraft:spruce_sapling":1,"minecraft:ink_sac":13,"minecells:metal_shards":12,"minecraft:spruce_log":47,"minecraft:fermented_spider_eye":2,"minecraft:spider_eye":1,"ae2:quartz_block":2,"minecells:ramparts_dimensional_rune":1,"minecraft:mossy_cobblestone":9,"fishofthieves:splashtail":6,"simplyswords:gold_sai":1,"minecraft:oak_wood":1,"minecraft:diamond":2,"comforts:sleeping_bag_blue":1,"minecells:explosive_bulb":10,"ae2:chipped_budding_quartz":2,"minecraft:writable_book":1,"minecraft:bone_meal":1,"minecraft:crossbow":3,"minecraft:painting":1,"minecraft:grass":2,"frostiful:wolf_fur_tuft":1,"minecraft:emerald":2,"minecells:blood_sword":1,"minecraft:ender_pearl":1,"minecraft:diamond_pickaxe":1},"minecraft:broken":{"minecraft:iron_chestplate":2,"minecraft:iron_leggings":2,"minecraft:diamond_boots":1,"minecraft:iron_helmet":2,"simplyswords:gold_greataxe":1},"minecraft:mined":{"minecraft:spruce_planks":1,"minecraft:brewing_stand":1,"regions_unexplored:red_maple_shrub":1,"minecraft:grass_block":66,"minecraft:brown_wool":1,"minecraft:light_gray_bed":1,"regions_unexplored:maple_leaves":1,"regions_unexplored:stone_bud":16,"minecraft:fire":9,"regions_unexplored:mossy_stone":11,"treechop:chopped_log":6,"minecraft:mossy_stone_brick_stairs":1,"regions_unexplored:medium_grass":9,"ae2:sky_stone_block":2,"minecraft:stone":32,"botania:light_blue_mystical_flower":2,"regions_unexplored:silt_grass_block":22,"lootr:lootr_chest":2,"regions_unexplored:silver_birch_leaf_pile":1,"minecraft:soul_fire":1,"minecells:putrid_planks":1,"minecraft:torch":9,"minecraft:oak_wood":1,"minecraft:chest":1,"minecraft:glass":1,"minecraft:tall_grass":1,"minecells:alchemy_equipment_2":2,"techreborn:tin_ore":2,"minecraft:coarse_dirt":18,"techreborn:ruby_ore":1,"minecraft:ice":1,"minecraft:spruce_log":18,"minecraft:stone_brick_stairs":1,"minecraft:grass":5,"ae2:quartz_block":2,"minecraft:oak_log":3,"minecraft:cobweb":1,"minecraft:cracked_stone_bricks":2,"minecraft:stone_bricks":3,"minecraft:oak_leaves":1,"minecraft:fern":1},"minecraft:custom":{"lootr:looted_stat":169,"minecraft:mob_kills":240,"minecraft:interact_with_crafting_table":29,"minecraft:open_barrel":3,"minecraft:damage_dealt_resisted":155,"minecraft:leave_game":5,"minecraft:time_since_death":68051,"minecraft:climb_one_cm":28602,"minecraft:damage_resisted":114,"minecraft:sprint_one_cm":797002,"minecraft:walk_one_cm":725554,"minecraft:damage_blocked_by_shield":1027,"minecraft:drop":98,"minecraft:talked_to_villager":1,"minecraft:play_time":290500,"minecraft:sneak_time":3114,"minecraft:deaths":3,"minecraft:walk_under_water_one_cm":29842,"minecraft:jump":4383,"minecraft:interact_with_brewingstand":1,"minecraft:walk_on_water_one_cm":21233,"minecraft:total_world_time":290500,"minecraft:interact_with_furnace":2,"minecraft:interact_with_grindstone":1,"minecraft:sleep_in_bed":13,"minecraft:hex":0,"minecraft:time_since_rest":47491,"minecraft:damage_taken":6026,"minecraft:damage_dealt":42489,"minecraft:swim_one_cm":88755,"minecraft:fly_one_cm":974256,"minecraft:crouch_one_cm":9137,"minecraft:open_chest":152,"minecraft:threat":5,"minecraft:fall_one_cm":120507},"minecraft:killed_by":{"minecraft:player":1,"minecells:leaping_zombie":1,"minecraft:zombie":1}},"DataVersion":3465}