{"stats":{"minecraft:killed":{"graveyard:ghoul":2,"graveyard:revenant":1,"minecraft:spider":4,"minecells:undead_archer":4,"minecraft:skeleton":1,"minecraft:pillager":1,"minecraft:zombie":11,"minecells:shieldbearer":1,"minecells:leaping_zombie":4,"minecraft:illusioner":1,"minecells:grenadier":1,"minecraft:cow":2},"minecraft:picked_up":{"minecraft:leather":3,"friendsandfoes:totem_of_illusion":1,"minecraft:enchanted_book":1,"minecraft:oak_log":6,"minecraft:brewing_stand":1,"minecraft:dirt":17,"ae2:damaged_budding_quartz":1,"minecraft:string":5,"minecraft:iron_axe":1,"botania:light_blue_mystical_flower":2,"minecraft:item_frame":2,"minecells:putrid_planks":1,"minecraft:bone":2,"minecraft:stone_bricks":2,"regions_unexplored:red_maple_shrub":1,"minecraft:wheat_seeds":3,"minecraft:beef":6,"comforts:sleeping_bag_gray":1,"twigs:twig":4,"minecraft:chest":2,"ae2:flawed_budding_quartz":2,"minecraft:mossy_stone_brick_stairs":1,"minecells:guts":2,"minecells:monster_cell":3,"minecells:monsters_eye":1,"minecells:infected_flesh":2,"minecraft:spruce_sapling":1,"minecraft:spruce_log":46,"minecraft:fermented_spider_eye":2,"ae2:quartz_block":2,"minecraft:diamond":1,"ae2:sky_stone_block":1,"minecraft:oak_wood":1,"minecraft:stone_sword":1,"minecraft:arrow":4,"minecraft:light_gray_bed":1,"minecraft:rotten_flesh":21,"comforts:sleeping_bag_blue":1,"ae2:chipped_budding_quartz":2,"ae2:certus_quartz_dust":1,"minecraft:writable_book":1,"minecraft:crossbow":3,"minecraft:painting":1,"minecraft:grass":2,"frostiful:wolf_fur_tuft":1,"minecraft:emerald":1,"minecraft:obsidian":1,"minecraft:white_wool":10,"archon:cloudshot_tome":1},"minecraft:broken":{"simplyswords:gold_greataxe":1},"minecraft:mined":{"lootr:lootr_chest":2,"minecraft:soul_fire":1,"minecells:putrid_planks":1,"minecraft:brewing_stand":1,"regions_unexplored:red_maple_shrub":1,"minecraft:oak_wood":1,"minecraft:light_gray_bed":1,"minecells:alchemy_equipment_2":2,"minecraft:spruce_log":17,"treechop:chopped_log":5,"minecraft:oak_log":1,"minecraft:stone_brick_stairs":1,"minecraft:grass":1,"minecraft:mossy_stone_brick_stairs":1,"ae2:quartz_block":2,"regions_unexplored:medium_grass":1,"minecraft:cracked_stone_bricks":2,"ae2:sky_stone_block":2,"minecraft:stone_bricks":3,"botania:light_blue_mystical_flower":2},"minecraft:custom":{"lootr:looted_stat":59,"minecraft:mob_kills":34,"minecraft:interact_with_crafting_table":10,"minecraft:open_barrel":3,"minecraft:damage_dealt_resisted":0,"minecraft:interact_with_grindstone":1,"minecraft:leave_game":2,"minecraft:time_since_death":97258,"minecraft:sleep_in_bed":6,"minecraft:climb_one_cm":4161,"minecraft:hex":0,"minecraft:time_since_rest":10692,"minecraft:sprint_one_cm":265041,"minecraft:damage_taken":1253,"minecraft:walk_one_cm":228897,"minecraft:damage_blocked_by_shield":877,"minecraft:drop":26,"minecraft:damage_dealt":6342,"minecraft:swim_one_cm":32595,"minecraft:talked_to_villager":1,"minecraft:fly_one_cm":264838,"minecraft:play_time":97258,"minecraft:open_chest":19,"minecraft:crouch_one_cm":4554,"minecraft:sneak_time":1804,"minecraft:walk_under_water_one_cm":2415,"minecraft:jump":1381,"minecraft:interact_with_brewingstand":1,"minecraft:walk_on_water_one_cm":5279,"minecraft:total_world_time":97258,"minecraft:fall_one_cm":37415},"minecraft:used":{"minecraft:water_bucket":13,"minecraft:stone_sword":9,"simplyswords:gold_greataxe":23,"minecells:putrid_planks":1,"minecraft:chest":6,"minecraft:shield":23,"minecraft:crafting_table":3,"simplyswords:diamond_longsword":147,"minecraft:crossbow":3,"minecraft:white_bed":1,"comforts:sleeping_bag_blue":1,"minecraft:shears":1,"minecraft:spruce_log":28,"minecraft:obsidian":1,"minecraft:apple":1,"minecraft:iron_axe":28,"minecraft:bread":27,"minecraft:iron_pickaxe":12,"ae2:sky_stone_block":1,"minecraft:item_frame":2,"minecraft:bucket":13,"brewery:hops":1,"minecraft:light_gray_bed":1,"simplyswords:toxic_longsword":45},"minecraft:dropped":{"minecraft:wheat_seeds":2,"minecraft:stone_sword":1,"archon:cloudshot_tome":1,"minecraft:crossbow":2,"minecraft:rotten_flesh":18,"minecraft:iron_helmet":1,"minecraft:flint":1,"minecraft:dirt":17,"minecraft:grass":2,"simplyswords:gold_katana":1,"minecraft:stone_bricks":2,"minecraft:spruce_log":22,"simplyswords:gold_chakram":1,"minecraft:iron_axe":1,"minecraft:white_wool":5,"minecraft:fermented_spider_eye":2,"comforts:sleeping_bag_gray":3},"minecraft:crafted":{"minecraft:oak_planks":28,"minecraft:crafting_table":3,"minecraft:spruce_planks":40,"comforts:sleeping_bag_white":1,"minecraft:blue_dye":1,"comforts:sleeping_bag_gray":2,"minecraft:iron_axe":1,"minecraft:stick":4,"minecraft:white_bed":1,"minecraft:iron_shovel":1,"minecraft:chest":4,"comforts:sleeping_bag_blue":1,"minecraft:shears":1}},"DataVersion":3465}