{"stats":{"minecraft:crafted":{"minecraft:bookshelf":8,"minecraft:glass":32,"minecraft:glass_bottle":15,"minecraft:emerald":12,"wizards:wizard_robe_feet":3,"travelersbackpack:lapis":1,"travelersbackpack:standard":2,"minecraft:campfire":5,"travelersbackpack:emerald":1,"comforts:sleeping_bag_gray":2,"minecraft:iron_block":17,"minecraft:gold_ingot":24,"minecraft:spruce_fence_gate":1,"minecraft:jukebox":1,"minecraft:iron_nugget":18,"comforts:sleeping_bag_white":1,"minecraft:spruce_fence":3,"travelersbackpack:blank_upgrade":4,"travelersbackpack:gold_tier_upgrade":2,"minecraft:diamond_boots":1,"regions_unexplored:maple_boat":1,"minecraft:enchanted_book":6,"minecraft:iron_shovel":1,"minecraft:iron_leggings":5,"minecraft:white_bed":1,"simplyswords:diamond_claymore":4,"minecraft:oak_planks":40,"mythicmounts:summoning_staff":1,"comforts:sleeping_bag_brown":1,"runes:arcane_stone":80,"minecells:putrid_planks":56,"minecraft:warped_planks":8,"wizards:wand_novice":13,"runes:healing_stone":178,"minecraft:bow":1,"minecraft:iron_boots":2,"minecraft:chest":7,"prominent:knowledge_scroll":4,"travelersbackpack:iron_tier_upgrade":1,"minecraft:spruce_planks":60,"minecraft:crafting_table":3,"minecraft:iron_helmet":3,"minecraft:gold_block":7,"paladins:monk_workbench":1,"minecraft:spruce_trapdoor":2,"minecraft:iron_chestplate":4,"wizards:wizard_robe_head":3,"minecraft:stick":20,"minecraft:iron_ingot":78,"minecraft:shears":1,"minecraft:polished_andesite":4,"minecraft:raw_copper_block":16,"minecraft:iron_axe":1,"minecraft:iron_hoe":1,"comforts:sleeping_bag_blue":1,"travelersbackpack:diamond_tier_upgrade":1,"travelersbackpack:backpack_tank":2,"minecraft:bucket":1,"minecraft:air":0,"minecraft:blue_dye":1,"minecraft:gold_nugget":333,"minecraft:lapis_block":4},"minecraft:dropped":{"betternether:wall_mushroom_red":17,"minecraft:porkchop":4,"minecraft:weeping_vines":7,"minecraft:crossbow":2,"jewelry:netherite_citrine_ring":1,"minecells:putrid_sapling":2,"minecells:monsters_eye":9,"graveyard:corruption":2,"minecraft:red_mushroom":2,"betternether:black_bush":4,"minecraft:emerald":62,"twigs:pebble":1,"minecraft:dirt":30,"minecraft:grass":2,"minecraft:dark_oak_fence":6,"minecraft:gold_nugget":23,"minecraft:bone_meal":2,"simplyswords:gold_chakram":1,"minecraft:sugar":2,"minecraft:iron_pickaxe":2,"minecraft:fermented_spider_eye":2,"minecraft:white_wool":5,"bewitchment:belladonna_seeds":1,"minecraft:bone":6,"minecraft:iron_nugget":3,"minecraft:nether_brick":25,"minecraft:rotten_flesh":113,"minecraft:glowstone_dust":1,"minecraft:blaze_powder":1,"supplementaries:flax_seeds":2,"techreborn:tin_ingot":1,"create:scoria":1,"betternether:ink_bush_seed":10,"minecraft:crying_obsidian":9,"archers:archer_spell_book":1,"minecraft:enchanted_book":3,"minecraft:golden_boots":2,"minecraft:chiseled_nether_bricks":1,"minecraft:wheat_seeds":13,"betternether:feather_fern":7,"simplyswords:bramblethorn":2,"minecraft:polished_blackstone":1,"minecraft:iron_helmet":1,"minecraft:cobblestone":27,"naturalist:glow_goop":1,"paladins:paladin_spell_book":1,"betternether:black_apple":1,"minecraft:coal":3,"minecraft:polished_blackstone_stairs":1,"twigs:silt_ball":8,"regions_unexplored:silver_birch_leaf_pile":1,"simplyswords:gold_sai":1,"minecraft:stone_sword":2,"betternether:blue_weeping_obsidian":2,"minecraft:iron_boots":2,"mythicmounts:firebird_feather3":1,"minecraft:nether_bricks":8,"minecraft:spruce_planks":3,"bewitchment:ectoplasm":1,"artifacts:eternal_steak":3,"minecells:guts":20,"minecraft:stone_bricks":2,"minecraft:bow":2,"betternether:weeping_obsidian":5,"regions_unexplored:orange_maple_leaf_pile":1,"comforts:sleeping_bag_gray":3,"spellbladenext:arcane_blade":2,"wizards:wizard_robe_head":3,"minecraft:nether_brick_stairs":3,"minecraft:soul_sand":11,"minecraft:brown_mushroom":1,"paladins:holy_wand":1,"betternether:black_apple_seed":1,"minecraft:red_nether_brick_slab":3,"minecells:blood_sword":1,"minecells:arcane_goo":4,"minecraft:mangrove_planks":1,"minecraft:polished_blackstone_brick_wall":3,"minecraft:flint":1,"minecells:nutcracker":1,"minecraft:cracked_polished_blackstone_bricks":13,"minecells:infected_flesh":9,"minecraft:polished_blackstone_brick_stairs":14,"betternether:blue_crying_obsidian":7,"betternether:wall_mushroom_brown":4,"minecraft:gilded_blackstone":16,"minecraft:polished_blackstone_bricks":12,"betternether:wall_moss":3,"spellbladenext:flaming_falchion":2,"wizards:wizard_robe_feet":3,"twigs:twig":1,"minecraft:gold_ingot":116,"minecraft:gravel":12,"minecraft:chiseled_polished_blackstone":1,"minecraft:blackstone":59,"mcdw:glaive_cackling_broom":1,"runes:arcane_stone":2,"archon:cloudshot_tome":1,"artifacts:villager_hat":1,"wizards:wand_novice":15,"travelersbackpack:gold_tier_upgrade":1,"supplementaries:ash":6,"herbalbrews:tea_blossom":2,"regions_unexplored:silt_grass_block":1,"minecraft:gunpowder":2,"techreborn:advanced_circuit":6,"modern_industrialization:lignite_coal":3,"minecraft:basalt":3,"minecraft:iron_bars":1,"minecraft:arrow":22,"minecraft:netherrack":1,"betternether:blue_obsidian":4,"paladins:iron_mace":1,"minecraft:bookshelf":1,"techreborn:raw_lead":2,"minecraft:golden_axe":4,"minecraft:spectral_arrow":50,"minecraft:dark_oak_pressure_plate":2,"minecraft:nether_brick_wall":1,"minecraft:iron_block":13,"minecells:explosive_bulb":7,"archers:mechanic_shortbow":1,"minecraft:map":7,"paladins:diamond_great_hammer":3,"minecraft:iron_leggings":3,"minecells:metal_shards":8,"minecraft:polished_blackstone_brick_slab":2,"minecraft:iron_axe":1,"betternether:wart_seed":1,"minecraft:nether_wart":6,"minecraft:tuff":1,"simplyswords:diamond_longsword":1,"spellbladenext:frost_orb":2,"fishofthieves:fish_bone":2,"invoke:invoker_spell_book":1,"minecraft:red_nether_brick_stairs":1,"minecraft:filled_map":3,"minecraft:shield":1,"regions_unexplored:maple_leaf_pile":3,"fishofthieves:earthworms":5,"travelersbackpack:lapis":1,"simplyswords:gold_katana":1,"minecraft:iron_chestplate":1,"minecraft:andesite":1,"minecraft:oak_sapling":1,"minecraft:golden_sword":2,"croptopia:roe":96,"minecells:health_flask":2,"minecraft:spruce_log":22},"minecraft:used":{"minecraft:nether_brick_fence":1,"minecraft:polished_blackstone":4,"minecraft:chest":9,"lootr:trophy":2,"minecraft:red_nether_brick_stairs":1,"betternether:black_bush":2,"minecraft:soul_sand":43,"travelersbackpack:emerald":3,"friendsandfoes:totem_of_illusion":1,"minecraft:bow":33,"simplyswords:ribboncleaver":32,"minecraft:diorite":3,"simplyswords:gold_greataxe":23,"minecraft:blackstone":201,"artifacts:eternal_steak":4,"simplyswords:bramblethorn":18,"minecraft:golden_apple":1,"comforts:sleeping_bag_blue":1,"minecraft:crying_obsidian":8,"minecraft:lectern":2,"betternether:wart_seed":2,"betternether:weeping_obsidian":3,"simplyswords:toxic_longsword":45,"minecraft:polished_blackstone_brick_slab":17,"minecraft:iron_bars":4,"minecraft:stone_sword":9,"minecraft:cooked_salmon":98,"minecraft:netherrack":177,"minecraft:torch":15,"minecraft:brewing_stand":1,"minecraft:ancient_debris":1,"simplyswords:diamond_longsword":284,"simplyswords:storms_edge":616,"minecraft:nether_brick_stairs":1,"minecraft:iron_axe":28,"ae2:sky_stone_block":1,"minecells:blood_sword":141,"minecraft:smooth_basalt":3,"minecraft:podzol":1,"minecraft:blaze_rod":1,"minecells:putrid_log":7,"minecraft:trapped_chest":1,"minecraft:cobbled_deepslate":182,"minecraft:water_bucket":58,"minecells:putrid_planks":13,"minecraft:spruce_fence_gate":1,"minecraft:polished_blackstone_bricks":58,"minecraft:gilded_blackstone":18,"minecraft:mossy_cobblestone":1,"minecraft:crafting_table":3,"minecraft:campfire":5,"minecraft:white_bed":1,"minecraft:spruce_log":28,"minecraft:diamond_pickaxe":1097,"runes:crafting_altar":2,"minecraft:iron_pickaxe":89,"minecraft:spruce_trapdoor":2,"minecraft:music_disc_blocks":1,"minecraft:cobblestone":25,"travelersbackpack:standard":4,"minecraft:cooked_porkchop":8,"minecraft:jukebox":2,"minecraft:iron_shovel":116,"travelersbackpack:lapis":4,"minecraft:shield":23,"minecraft:iron_chestplate":1,"minecraft:nether_bricks":49,"minecraft:tuff":7,"spellbladenext:glacial_gladius":498,"minecraft:obsidian":11,"minecraft:lantern":1,"minecraft:polished_blackstone_brick_wall":7,"minecraft:iron_helmet":2,"minecraft:item_frame":4,"brewery:hops":1,"betternether:blue_crying_obsidian":8,"minecraft:skeleton_skull":1,"simplyswords:dormant_relic":1,"minecraft:polished_blackstone_stairs":1,"paladins:diamond_claymore":6,"paladins:diamond_great_hammer":2,"spell_engine:spell_binding":1,"betternether:smoker":1,"minecraft:crossbow":3,"minecraft:shears":1,"simplyswords:mjolnir":318,"simplyswords:iron_greathammer":21,"spellbladenext:frost_blade":1,"minecraft:bread":150,"minecraft:brown_wool":1,"minecraft:gravel":1,"minecraft:andesite":4,"minecraft:chain":5,"minecraft:coarse_dirt":10,"regions_unexplored:maple_boat":7,"minecraft:cobweb":1,"minecraft:dirt":14,"minecraft:spruce_fence":5,"minecells:bloomrock_tiles":6,"minecraft:bookshelf":7,"minecraft:soul_soil":2,"minecraft:pumpkin":1,"minecraft:light_gray_bed":2,"minecraft:iron_leggings":1,"minecraft:red_nether_bricks":8,"regions_unexplored:peat_dirt":15,"betternether:wall_mushroom_brown":1,"minecraft:warped_planks":9,"paladins:monk_workbench":1,"simplyswords:watching_warglaive":7,"minecraft:apple":33,"minecraft:cracked_polished_blackstone_bricks":7,"minecraft:cracked_nether_bricks":2,"simplyswords:wickpiercer":606,"fwaystones:nether_brick_waystone":1,"minecraft:bucket":64},"minecraft:killed":{"betternether:firefly":2,"fishofthieves:wildsplash":3,"minecraft:skeleton":60,"minecells:grenadier":9,"minecells:protector":4,"minecraft:magma_cube":96,"naturalist:firefly":1,"minecraft:salmon":131,"minecraft:pillager":5,"tinyskeletons:baby_skeleton":3,"minecraft:zombie":61,"minecells:shieldbearer":4,"minecraft:cow":5,"minecells:mutated_bat":19,"minecraft:vindicator":1,"minecells:undead_archer":7,"fishofthieves:pondie":8,"adventurez:orc":1,"graveyard:ghoul":4,"minecraft:enderman":7,"minecraft:zombified_piglin":1,"minecraft:witch":1,"graveyard:skeleton_creeper":1,"minecraft:spider":14,"minecraft:illusioner":2,"minecells:leaping_zombie":73,"minecraft:piglin_brute":27,"artifacts:mimic":1,"fishofthieves:splashtail":4,"minecraft:piglin":16,"minecraft:zombie_villager":2,"minecraft:creeper":11,"minecraft:ghast":2,"minecraft:blaze":95,"graveyard:revenant":7,"bewitchment:ghost":2,"spellbladenext:magister":5,"mythicmobs:chupacabra":1,"minecells:runner":13,"netherdepthsupgrade:bonefish":1,"minecraft:hoglin":4,"minecraft:squid":21,"minecraft:wither_skeleton":10,"minecraft:villager":2},"minecraft:picked_up":{"minecraft:iron_chestplate":1,"betternether:black_apple":1,"regions_unexplored:silt_dirt":22,"minecraft:enchanted_book":17,"croptopia:calamari":20,"minecraft:brewing_stand":2,"betternether:nether_reed_stem":3,"minecraft:golden_sword":2,"minecraft:string":31,"minecraft:polished_blackstone_brick_stairs":20,"minecraft:dark_oak_pressure_plate":2,"minecraft:soul_soil":2,"minecraft:cooked_salmon":98,"minecraft:red_nether_bricks":8,"minecraft:diamond_leggings":1,"minecraft:gold_nugget":39,"minecraft:cobbled_deepslate":154,"minecraft:spruce_planks":3,"minecells:transposition_core":2,"minecraft:polished_blackstone_brick_slab":34,"minecells:guts":35,"minecraft:jukebox":1,"minecraft:polished_blackstone_stairs":2,"minecraft:golden_axe":6,"minecraft:warped_planks":1,"minecraft:chiseled_nether_bricks":1,"minecraft:stone_sword":2,"minecraft:light_gray_bed":2,"artifacts:villager_hat":2,"create:scoria":1,"supplementaries:ash":6,"minecraft:blaze_rod":43,"minecraft:iron_bars":5,"minecraft:feather":4,"minecraft:brown_wool":4,"regions_unexplored:silver_birch_shrub":1,"techreborn:tin_ingot":1,"mcdw:glaive_cackling_broom":1,"minecraft:lantern":2,"fishofthieves:wildsplash":3,"lootr:trophy":1,"minecraft:warped_hyphae":2,"regions_unexplored:red_maple_shrub":1,"fwaystones:nether_brick_waystone":1,"fishofthieves:earthworms":23,"minecraft:glowstone_dust":3,"croptopia:roe":117,"betternether:smoker":1,"minecraft:chiseled_polished_blackstone":1,"betternether:weeping_obsidian":6,"fishofthieves:pondie":11,"betternether:wall_moss":3,"minecraft:ink_sac":31,"minecraft:fermented_spider_eye":2,"minecraft:trapped_chest":1,"simplyswords:gold_sai":1,"fishofthieves:splashtail":6,"comforts:sleeping_bag_blue":1,"minecells:explosive_bulb":10,"ae2:chipped_budding_quartz":2,"minecraft:writable_book":1,"minecraft:granite":8,"minecraft:bread":2,"twigs:rhyolite":4,"minecraft:dark_oak_fence":6,"minecraft:diamond_pickaxe":1,"modern_industrialization:lignite_coal":3,"minecells:putrid_sapling":2,"minecraft:coarse_dirt":20,"minecraft:nether_wart":11,"runes:crafting_altar":2,"friendsandfoes:totem_of_illusion":2,"regions_unexplored:maple_boat":6,"travelersbackpack:lapis":1,"minecraft:beef":12,"regions_unexplored:maple_leaf_pile":3,"minecells:vine_rune":1,"minecraft:iron_nugget":1,"minecraft:chest":3,"spellbladenext:arcane_blade":2,"techreborn:ruby_gem":1,"minecells:arcane_goo":4,"minecraft:spruce_fence":2,"minecraft:fire_charge":5,"simplyswords:diamond_longsword":1,"minecraft:carrot":1,"runes:healing_stone":80,"spell_engine:spell_binding":1,"minecraft:gold_ingot":55,"minecraft:polished_blackstone":6,"minecraft:white_wool":10,"minecraft:red_mushroom":5,"minecraft:oak_log":9,"minecraft:ancient_debris":1,"paladins:paladin_spell_book":2,"minecraft:golden_boots":2,"minecells:putrid_planks":1,"minecraft:stone_bricks":2,"artifacts:steadfast_spikes":1,"minecraft:mangrove_planks":1,"minecraft:smooth_basalt":3,"betternether:black_bush":6,"minecells:monster_cell":49,"minecraft:cracked_nether_bricks":2,"minecells:infected_flesh":25,"minecraft:gravel":13,"minecraft:spruce_sapling":1,"minecraft:spruce_log":47,"minecraft:crying_obsidian":9,"minecraft:oak_wood":1,"travelersbackpack:standard":1,"fishofthieves:fish_bone":2,"minecraft:painting":1,"minecraft:polished_blackstone_brick_wall":13,"minecraft:red_nether_brick_slab":3,"minecells:blood_sword":1,"minecraft:ender_pearl":8,"techreborn:raw_tin":2,"minecraft:nether_brick_fence":1,"minecraft:potion":4,"minecraft:gilded_blackstone":22,"minecraft:nether_brick":25,"betternether:blue_obsidian":4,"minecraft:iron_leggings":1,"twigs:pebble":1,"minecraft:iron_pickaxe":2,"ae2:flawed_budding_quartz":2,"minecraft:iron_boots":4,"betternether:black_apple_seed":1,"minecraft:torch":13,"twigs:silt_ball":16,"minecraft:porkchop":4,"spellbladenext:frost_orb":1,"minecraft:diorite":3,"ae2:sky_stone_block":1,"minecraft:rotten_flesh":104,"adventurez:orc_skin":2,"betternether:feather_fern":7,"minecraft:obsidian":16,"archon:cloudshot_tome":1,"minecraft:blaze_powder":1,"minecraft:cobblestone":122,"minecraft:magma_cream":7,"minecraft:andesite":9,"herbalbrews:tea_blossom":2,"minecraft:tuff":37,"supplementaries:flax_seeds":2,"adventurez:gilded_blackstone_shard":4,"betternether:wart_seed":3,"ae2:damaged_budding_quartz":1,"minecraft:dirt":151,"wizards:wand_novice":5,"minecraft:bone":83,"invoke:invoker_spell_book":1,"minecraft:bow":2,"minecraft:wheat_seeds":24,"minecraft:bell":1,"twigs:twig":5,"minecraft:mossy_stone_brick_stairs":1,"minecraft:ghast_tear":1,"minecraft:cooked_porkchop":3,"techreborn:raw_lead":2,"minecraft:nether_brick_stairs":5,"minecells:metal_shards":12,"minecraft:spectral_arrow":61,"ae2:quartz_block":2,"minecraft:mossy_cobblestone":10,"minecraft:sugar":2,"archon:grimoire":1,"minecraft:diamond":3,"minecraft:cracked_polished_blackstone_bricks":20,"minecraft:crossbow":3,"minecraft:grass":2,"minecraft:bone_meal":3,"minecraft:golden_apple":1,"frostiful:wolf_fur_tuft":1,"minecraft:emerald":36,"minecraft:oak_sapling":1,"minecraft:netherrack":201,"betternether:ink_bush_seed":10,"betternether:blue_crying_obsidian":7,"archers:archer_spell_book":1,"minecraft:brown_mushroom":1,"minecraft:gold_block":71,"minecraft:diamond_horse_armor":1,"betternether:blue_weeping_obsidian":2,"minecraft:chain":1,"minecraft:shield":1,"minecraft:iron_axe":1,"minecraft:item_frame":4,"minecraft:blackstone":296,"graveyard:corruption":2,"mythicmobs:chupacabra_raw_meat":1,"minecraft:lectern":2,"paladins:diamond_great_hammer":1,"minecraft:raw_iron":5,"regions_unexplored:silver_birch_leaf_pile":1,"betternether:wall_mushroom_red":18,"minecells:monsters_eye":13,"minecraft:polished_blackstone_bricks":79,"regions_unexplored:silt_grass_block":1,"minecraft:weeping_vines":7,"minecraft:arrow":67,"bewitchment:garlic":2,"ae2:certus_quartz_dust":1,"minecraft:nether_bricks":59,"minecraft:saddle":1,"minecraft:nether_brick_wall":1,"minecraft:skeleton_skull":1,"regions_unexplored:peat_dirt":15,"minecraft:basalt":14,"artifacts:eternal_steak":3,"minecraft:salmon":119,"minecraft:leather":12,"betternether:wall_mushroom_brown":6,"minecraft:gunpowder":21,"mythicmounts:firebird_feather3":1,"naturalist:glow_goop":1,"botania:light_blue_mystical_flower":2,"minecraft:podzol":1,"minecraft:red_nether_brick_stairs":2,"bewitchment:mandrake_seeds":1,"comforts:sleeping_bag_gray":1,"minecraft:soul_sand":54,"regions_unexplored:orange_maple_leaf_pile":1,"simplyswords:bramblethorn":1,"minecraft:book":19,"minecraft:pumpkin":1,"minecraft:quartz":27,"bewitchment:belladonna_seeds":2,"minecraft:spider_eye":5,"minecells:ramparts_dimensional_rune":1,"paladins:holy_wand":1,"minecraft:coal":3},"minecraft:broken":{"minecraft:iron_boots":1,"minecraft:iron_chestplate":4,"minecraft:iron_leggings":4,"minecraft:diamond_pickaxe":1,"paladins:paladin_armor_chest":1,"minecraft:iron_helmet":3,"simplyswords:gold_greataxe":1,"minecraft:diamond_boots":1,"wizards:wizard_robe_head":1},"minecraft:mined":{"betternether:ink_bush":6,"minecraft:red_nether_brick_slab":3,"minecraft:red_nether_bricks":4,"minecraft:obsidian":10,"minecraft:granite":8,"minecraft:chiseled_polished_blackstone":1,"minecraft:brown_wool":1,"minecraft:light_gray_bed":2,"minecraft:nether_wart":1,"minecraft:spawner":10,"minecraft:polished_blackstone_bricks":46,"minecraft:weeping_vines_plant":1,"regions_unexplored:stone_bud":25,"minecraft:cobbled_deepslate":28,"minecraft:fire":65,"techreborn:deepslate_lead_ore":2,"minecraft:nether_brick_stairs":6,"botania:light_blue_mystical_flower":2,"regions_unexplored:silt_grass_block":22,"minecraft:soul_fire":2,"minecraft:torch":10,"create:scoria":1,"minecraft:glass":1,"minecraft:jukebox":1,"minecraft:stone_brick_stairs":1,"minecraft:grass":9,"minecraft:smooth_basalt":6,"twigs:rhyolite":5,"minecraft:deepslate":129,"minecraft:nether_brick_wall":1,"minecraft:nether_bricks":59,"minecraft:dark_oak_fence":6,"minecraft:spruce_fence":2,"regions_unexplored:maple_leaves":1,"runes:crafting_altar":2,"minecraft:andesite":5,"betternether:wall_mushroom_brown":3,"betternether:feather_fern":1,"minecraft:mossy_stone_brick_stairs":1,"ae2:sky_stone_block":2,"minecraft:chiseled_nether_bricks":1,"minecraft:soul_sand":26,"minecraft:polished_blackstone_brick_wall":17,"minecraft:tall_grass":1,"minecraft:diorite":3,"minecraft:coarse_dirt":20,"techreborn:ruby_ore":1,"minecraft:spruce_log":18,"betternether:wall_mushroom_red":2,"minecraft:gravel":1,"minecraft:cobweb":1,"minecraft:polished_blackstone":9,"minecraft:stone_bricks":3,"minecraft:fern":1,"minecraft:spruce_planks":2,"betternether:nether_reed_stem":2,"minecraft:brewing_stand":2,"regions_unexplored:red_maple_shrub":1,"minecraft:grass_block":76,"minecraft:cracked_polished_blackstone_bricks":13,"modern_industrialization:lignite_coal_ore":3,"minecraft:soul_soil":2,"minecraft:polished_blackstone_brick_slab":30,"minecraft:gilded_blackstone":22,"betternether:nether_grass":8,"minecraft:red_nether_brick_stairs":2,"regions_unexplored:mossy_stone":12,"twigs:silt":4,"minecraft:iron_bars":3,"betternether:wart_seed":2,"betternether:black_vine":2,"lootr:lootr_chest":2,"minecraft:blackstone":213,"minecells:putrid_planks":1,"minecraft:chest":1,"minecraft:cobblestone":1,"minecraft:wall_torch":2,"minecells:alchemy_equipment_2":2,"betternether:magma_flower":1,"betternether:willow_leaves":5,"minecraft:warped_planks":1,"ae2:quartz_block":2,"minecraft:oak_log":3,"minecraft:dirt":19,"minecraft:netherrack":185,"minecraft:ancient_debris":2,"minecraft:oak_leaves":1,"minecraft:nether_gold_ore":1,"minecraft:tuff":37,"minecraft:deepslate_diamond_ore":1,"minecraft:cracked_nether_bricks":2,"treechop:chopped_log":7,"minecraft:gold_block":68,"betternether:wall_moss":3,"minecraft:bookshelf":7,"minecraft:deepslate_iron_ore":5,"minecraft:lantern":1,"regions_unexplored:medium_grass":14,"minecraft:stone":119,"betternether:black_apple":1,"regions_unexplored:silver_birch_leaf_pile":1,"minecraft:basalt":2,"travelersbackpack:standard":1,"minecraft:oak_wood":1,"minecraft:lectern":2,"minecraft:polished_blackstone_brick_stairs":11,"techreborn:tin_ore":2,"supplementaries:urn":1,"betternether:blooming_vine":3,"spell_engine:spell_binding":1,"minecraft:polished_blackstone_stairs":2,"minecraft:ice":1,"minecraft:warped_hyphae":1,"minecraft:cracked_stone_bricks":2},"minecraft:custom":{"minecraft:interact_with_crafting_table":63,"minecraft:open_barrel":3,"minecraft:leave_game":16,"minecraft:time_since_death":138795,"minecraft:damage_blocked_by_shield":1171,"minecraft:play_time":796677,"minecraft:deaths":27,"minecraft:jump":12753,"minecraft:enchant_item":1,"minecraft:interact_with_furnace":23,"minecraft:play_record":1,"minecraft:traded_with_villager":55,"minecraft:sleep_in_bed":20,"minecraft:damage_dealt":117982,"minecraft:horse_one_cm":885218,"minecraft:interact_with_smithing_table":6,"minecraft:interact_with_anvil":6,"minecraft:sneak_time":13372,"minecraft:total_world_time":796677,"minecraft:time_since_rest":39939,"minecraft:swim_one_cm":154606,"minecraft:fly_one_cm":2285808,"minecraft:open_chest":461,"minecraft:fall_one_cm":340388,"lootr:looted_stat":239,"minecraft:damage_resisted":956,"minecraft:sprint_one_cm":1942035,"minecraft:drop":472,"minecraft:talked_to_villager":97,"minecraft:interact_with_brewingstand":2,"minecraft:walk_on_water_one_cm":70441,"minecraft:crouch_one_cm":37822,"minecraft:mob_kills":771,"minecraft:interact_with_campfire":98,"minecraft:damage_dealt_resisted":1271,"minecraft:climb_one_cm":33763,"minecraft:walk_one_cm":1820381,"minecraft:walk_under_water_one_cm":73001,"minecraft:boat_one_cm":3210,"minecraft:interact_with_grindstone":1,"minecraft:hex":0,"minecraft:damage_taken":30335,"minecraft:threat":27},"minecraft:killed_by":{"minecraft:piglin_brute":1,"minecraft:magma_cube":4,"minecraft:zombie":1,"bosses_of_mass_destruction:gauntlet":3,"minecells:leaping_zombie":1,"minecraft:ghast":1,"soulsweapons:accursed_lord_boss":2,"minecraft:player":1,"adventurez:blaze_guardian":1,"minecraft:hoglin":2}},"DataVersion":3465}