{"stats":{"minecraft:killed":{"minecraft:zombie":1},"minecraft:picked_up":{"minecraft:spruce_log":4},"minecraft:mined":{"treechop:chopped_log":1},"minecraft:custom":{"minecraft:jump":75,"minecraft:time_since_rest":5462,"minecraft:damage_dealt":394,"minecraft:crouch_one_cm":13,"minecraft:sprint_one_cm":4336,"minecraft:play_time":5462,"minecraft:damage_taken":150,"minecraft:time_since_death":5462,"minecraft:walk_one_cm":22330,"minecraft:sneak_time":3,"minecraft:total_world_time":5462,"minecraft:mob_kills":1,"minecraft:hex":0,"minecraft:fall_one_cm":627,"minecraft:fly_one_cm":5711},"minecraft:used":{"minecraft:bread":1,"minecraft:stone_sword":12}},"DataVersion":3465}