{"stats":{"minecraft:dropped":{"betternether:wall_mushroom_red":6,"minecraft:porkchop":2,"minecraft:diamond":2,"minecraft:cooked_porkchop":12,"minecraft:crossbow":1,"minecraft:weeping_vines":8,"jewelry:netherite_citrine_ring":1,"minecraft:saddle":1,"promenade:duck":1,"minecells:monsters_eye":8,"mutantmonsters:mutant_skeleton_shoulder_pad":1,"betternether:black_bush":2,"minecraft:emerald":33,"bewitchment:aconite_seeds":3,"twigs:pebble":1,"minecraft:dirt":25,"minecraft:dark_oak_fence":6,"minecraft:gold_nugget":5,"simplyswords:gold_chakram":1,"minecraft:bone":59,"minecraft:compass":1,"minecraft:iron_nugget":2,"minecraft:rotten_flesh":22,"minecraft:glowstone_dust":11,"minecraft:nether_brick_fence":1,"techreborn:tin_ingot":1,"techreborn:sphalerite_dust":2,"betternether:ink_bush_seed":25,"archers:archer_spell_book":1,"minecraft:egg":5,"minecraft:enchanted_book":19,"minecraft:golden_boots":1,"minecraft:iron_ingot":52,"minecraft:wheat_seeds":4,"minecraft:feather":2,"minecraft:iron_helmet":5,"minecraft:cobblestone":2,"minecraft:book":1,"simplyswords:icewhisper":1,"paladins:paladin_spell_book":2,"jewelry:netherite_sapphire_necklace":1,"minecraft:golden_apple":1,"minecraft:diamond_horse_armor":1,"paladins:diamond_claymore":1,"minecraft:iron_shovel":1,"minecraft:string":1,"create:raw_zinc":1,"minecraft:moss_carpet":1,"minecraft:stone_sword":4,"minecraft:iron_boots":1,"artifacts:golden_hook":2,"wizards:wizard_robe_legs":1,"jewelry:netherite_topaz_ring":2,"runes:healing_stone":81,"wizards:wizard_robe_chest":3,"minecraft:spruce_planks":8,"mutantmonsters:mutant_skeleton_limb":1,"minecraft:diamond_pickaxe":3,"artifacts:eternal_steak":2,"minecraft:warped_button":1,"minecraft:bow":2,"comforts:sleeping_bag_gray":2,"wizards:wizard_robe_head":2,"minecraft:brown_mushroom":1,"paladins:holy_wand":1,"minecraft:oak_log":3,"minecells:blood_sword":1,"paladins:paladin_armor_head":2,"minecraft:leather":7,"minecraft:mangrove_planks":1,"simplyswords:diamond_claymore":3,"minecraft:polished_blackstone_brick_wall":2,"travelersbackpack:standard":1,"minecraft:cracked_polished_blackstone_bricks":7,"minecells:infected_flesh":23,"betternether:wall_mushroom_brown":5,"minecraft:gilded_blackstone":2,"minecraft:polished_blackstone_bricks":1,"regions_unexplored:maple_log":6,"twigs:twig":3,"wizards:wizard_robe_feet":2,"minecraft:gold_ingot":1,"lootr:trophy":1,"minecraft:blackstone":3,"mutantmonsters:mutant_skeleton_pelvis":1,"artifacts:villager_hat":3,"regions_unexplored:maple_sapling":6,"wizards:wand_novice":3,"supplementaries:ash":10,"simplyswords:diamond_katana":1,"minecraft:gunpowder":18,"minecraft:chest":1,"spellbladenext:fire_claymore":1,"paladins:priest_robe_feet":2,"minecraft:iron_bars":4,"minecraft:arrow":19,"minecraft:cracked_nether_bricks":2,"minecraft:netherrack":24,"minecraft:diamond_leggings":1,"minecraft:dark_oak_pressure_plate":1,"betternether:willow_torch":2,"minecraft:stick":55,"minecraft:torch":1,"minecraft:iron_leggings":2,"bewitchment:garlic":1,"minecraft:polished_blackstone_brick_slab":5,"archon:grimoire":1,"betternether:wart_seed":5,"minecraft:nether_brick_slab":3,"betternether:willow_sapling":1,"jewelry:netherite_citrine_necklace":2,"botania:blue_mushroom":1,"minecraft:tuff":8,"simplyswords:diamond_longsword":1,"philipsruins:broken_bone":8,"invoke:invoker_spell_book":1,"betternether:lapis_pile":11,"minecraft:filled_map":1,"minecraft:shield":1,"fishofthieves:earthworms":1,"travelersbackpack:lapis":1,"minecraft:iron_chestplate":1,"minecraft:andesite":23,"minecraft:oak_sapling":12,"ae2:certus_quartz_dust":2,"minecraft:spruce_log":29,"minecraft:calcite":2},"minecraft:crafted":{"spellbladenext:gleaming_chest":1,"regions_unexplored:maple_planks":384,"travelersbackpack:diamond":4,"minecraft:bookshelf":34,"decorative_blocks:spruce_palisade":6,"fwaystones:abyss_watcher":2,"minecraft:glass":35,"minecraft:emerald":234,"minecraft:cooked_porkchop":11,"travelersbackpack:standard":2,"minecraft:smithing_table":2,"minecraft:copper_ingot":66,"minecraft:lectern":3,"comforts:sleeping_bag_gray":1,"minecraft:compass":12,"wizards:wizard_robe_chest":3,"minecraft:iron_block":3,"minecraft:gold_ingot":14,"things:monocle":1,"minecraft:bone_meal":14,"minecraft:lantern":20,"minecraft:polished_diorite":4,"fwaystones:waystone":2,"minecraft:spruce_slab":12,"minecraft:spruce_boat":5,"minecraft:golden_helmet":1,"minecraft:enchanting_table":1,"minecraft:enchanted_book":16,"spellbladenext:arcane_orb":1,"minecraft:iron_leggings":5,"spell_engine:spell_binding":1,"spellbladenext:gleaming_head":1,"comforts:sleeping_bag_brown":1,"minecraft:stone":12,"regions_unexplored:maple_stairs":200,"runes:arcane_stone":10,"wizards:wizard_robe_legs":1,"wizards:wand_novice":2,"runes:healing_stone":80,"wizards:wand_arcane":1,"minecraft:iron_boots":6,"minecraft:raw_copper":225,"minecraft:chest":18,"regions_unexplored:maple_door":3,"minecraft:golden_boots":2,"travelersbackpack:iron_tier_upgrade":1,"minecraft:crafting_table":13,"minecraft:spruce_planks":512,"minecraft:iron_helmet":7,"minecraft:gold_block":4,"minecraft:iron_chestplate":5,"minecraft:diamond_pickaxe":2,"minecraft:shield":1,"minecraft:stick":16,"minecraft:iron_ingot":203,"runes:crafting_altar":1,"minecraft:polished_andesite":8,"minecraft:raw_iron":72,"minecraft:glass_pane":16,"minecraft:flint_and_steel":1,"ironchests:blank_chest_upgrade":4,"minecraft:iron_axe":1,"paladins:paladin_armor_head":2,"travelersbackpack:diamond_tier_upgrade":1,"ironchests:copper_chest_upgrade":5,"spellbladenext:runegleam_ingot":4,"travelersbackpack:netherite":1,"minecraft:air":0,"archon:grimoire":1,"minecraft:anvil":1,"paladins:priest_robe_feet":2,"minecraft:torch":40,"minecraft:diamond_chestplate":1},"minecraft:used":{"minecraft:nether_brick_fence":2,"minecraft:spruce_slab":1,"minecraft:polished_blackstone":1,"minecraft:chest":20,"travelersbackpack:diamond":9,"spellbladenext:gleaming_chest":1,"minecraft:spruce_boat":5,"minecraft:bow":40,"simplyswords:gold_chakram":14,"spellbladenext:arcane_claymore":618,"minecraft:diorite":1,"minecraft:blackstone":122,"artifacts:eternal_steak":257,"simplyswords:bramblethorn":1,"minecraft:golden_apple":1,"mutantmonsters:mutant_skeleton_skull":1,"minecraft:crying_obsidian":2,"minecraft:lectern":38,"betternether:wart_seed":2,"simplyswords:frostfall":725,"minecraft:smithing_table":3,"minecraft:dark_oak_fence":1,"spellbladenext:arcane_orb":58,"endrem:nether_eye":1,"minecraft:polished_blackstone_brick_slab":10,"minecraft:enchanting_table":1,"minecraft:stone_sword":31,"minecraft:netherrack":122,"minecraft:torch":32,"minecraft:brewing_stand":2,"minecraft:anvil":1,"simplyswords:diamond_longsword":271,"regions_unexplored:larch_shrub":1,"regions_unexplored:mycotoxic_grass":1,"minecraft:nether_brick_stairs":2,"minecraft:chipped_anvil":1,"minecraft:iron_axe":298,"ae2:sky_stone_block":2,"minecells:blood_sword":1,"minecraft:smooth_basalt":1,"minecraft:cobbled_deepslate":109,"minecraft:golden_axe":22,"minecraft:water_bucket":14,"minecraft:polished_blackstone_bricks":13,"minecraft:gilded_blackstone":8,"betternether:blue_obsidian":2,"minecraft:crafting_table":14,"minecraft:spruce_log":32,"minecraft:diamond_pickaxe":1338,"runes:crafting_altar":2,"ironchests:copper_chest_upgrade":5,"minecraft:iron_pickaxe":13,"minecraft:spruce_sapling":11,"minecraft:enchanted_book":1,"minecraft:cobblestone":55,"travelersbackpack:standard":11,"minecraft:cooked_porkchop":3,"minecraft:glass_pane":16,"fwaystones:waystone":2,"regions_unexplored:maple_door":3,"create:scorchia":2,"minecraft:shield":7,"ironchests:iron_chest_upgrade":1,"minecraft:iron_chestplate":1,"minecraft:nether_bricks":1,"comforts:sleeping_bag_brown":1,"minecraft:glass":23,"minecraft:lantern":3,"minecraft:polished_blackstone_brick_wall":8,"minecraft:iron_helmet":3,"minecraft:gold_block":2,"simplyswords:waxweaver":1015,"minecraft:golden_boots":2,"minecraft:wither_skeleton_skull":2,"minecraft:mangrove_planks":1,"minecraft:ender_pearl":1,"spellbladenext:arcane_blade":28,"spell_engine:spell_binding":1,"betternether:smoker":5,"minecraft:bread":12,"simplyswords:diamond_chakram":440,"regions_unexplored:maple_stairs":178,"minecraft:bone_meal":3,"minecraft:flint_and_steel":21,"minecraft:spruce_planks":304,"regions_unexplored:maple_planks":28,"minecraft:dirt":71,"minecraft:bookshelf":21,"paladins:golden_claymore":23,"minecraft:polished_blackstone_brick_stairs":14,"simplyswords:diamond_greathammer":16,"betternether:willow_bark":1,"minecraft:golden_carrot":1,"minecraft:light_gray_bed":3,"minecraft:iron_leggings":1,"minecraft:polished_andesite":3,"regions_unexplored:peat_dirt":1,"prominent:music_disc_coniferus_forest":1,"simplyswords:watching_warglaive":5,"minecraft:cracked_nether_bricks":1,"comforts:sleeping_bag_gray":5,"minecraft:bucket":14,"minecraft:splash_potion":1},"minecraft:killed":{"betternether:skull":1,"minecraft:skeleton":33,"adventurez:blaze_guardian":1,"minecraft:chicken":3,"minecells:protector":12,"minecells:grenadier":20,"minecraft:magma_cube":89,"minecraft:salmon":17,"mutantmonsters:mutant_skeleton":1,"minecraft:pillager":4,"bewitchment:owl":1,"minecraft:zombie":57,"minecells:shieldbearer":5,"mutantmonsters:mutant_creeper":1,"minecraft:cow":2,"minecells:mutated_bat":7,"minecraft:vindicator":1,"minecells:undead_archer":13,"minecraft:horse":2,"naturalist:deer":1,"graveyard:ghoul":5,"adventurez:skeleton_vanguard":9,"mythicmobs:drake":3,"mutantmonsters:creeper_minion":1,"minecraft:enderman":6,"adventurez:summoner":2,"minecraft:zombified_piglin":1,"minecraft:spider":9,"minecells:leaping_zombie":57,"minecraft:piglin_brute":16,"betternether:hydrogen_jellyfish":2,"minecraft:piglin":16,"minecraft:zombie_villager":1,"minecraft:creeper":3,"bewitchment:raven":1,"minecraft:sheep":2,"minecraft:blaze":51,"promenade:duck":2,"adventurez:nightmare":1,"graveyard:revenant":8,"bewitchment:ghost":1,"adventurez:piglin_beast":1,"betternether:naga":1,"minecells:runner":6,"minecraft:bat":1,"minecraft:hoglin":3,"promenade:lush_creeper":1,"minecraft:wither_skeleton":27,"minecraft:player":1},"minecraft:picked_up":{"betternether:black_apple":1,"minecraft:smithing_table":1,"minecraft:enchanted_book":1,"minecraft:brewing_stand":1,"minecraft:amethyst_block":32,"minecraft:string":2,"minecraft:polished_blackstone_brick_stairs":21,"minecraft:dark_oak_pressure_plate":1,"minecraft:gold_nugget":24,"minecraft:cobbled_deepslate":177,"bosses_of_mass_destruction:soul_star":2,"minecraft:spruce_planks":35,"modern_industrialization:raw_uranium":5,"minecells:transposition_core":1,"minecraft:polished_blackstone_brick_slab":26,"minecells:guts":18,"minecraft:music_disc_blocks":1,"minecraft:warped_button":1,"minecells:putrid_fence":2,"minecraft:golden_chestplate":1,"mutantmonsters:mutant_skeleton_pelvis":1,"minecraft:stone_sword":4,"minecraft:light_gray_bed":3,"artifacts:villager_hat":2,"minecraft:iron_block":13,"minecraft:bookshelf":1,"supplementaries:ash":16,"minecraft:blaze_rod":32,"minecraft:iron_bars":4,"minecraft:magma_block":27,"techreborn:sphalerite_dust":2,"minecraft:feather":14,"travelersbackpack:gold_tier_upgrade":1,"minecraft:lantern":1,"minecraft:twisting_vines":2,"minecraft:chipped_anvil":1,"regions_unexplored:maple_stairs":18,"fishofthieves:earthworms":1,"minecraft:glowstone_dust":84,"croptopia:roe":13,"betternether:smoker":5,"betternether:wall_moss":1,"minecraft:polished_andesite":3,"minecells:explosive_bulb":19,"bewitchment:ectoplasm":1,"twigs:rhyolite":13,"minecraft:dark_oak_fence":7,"minecraft:diamond_pickaxe":2,"minecraft:crafting_table":1,"modern_industrialization:lignite_coal":17,"minecraft:coarse_dirt":8,"minecraft:nether_wart":5,"runes:crafting_altar":1,"ae2:silicon_press":1,"create:scorchia":2,"twigs:opaline_seashell":1,"travelersbackpack:lapis":1,"minecraft:beef":9,"minecells:nutcracker":1,"minecells:vine_rune":2,"minecraft:iron_nugget":1,"minecraft:spruce_slab":1,"betternether:netherrack_stalactite":3,"minecraft:chest":5,"minecraft:raw_copper_block":9,"minecraft:egg":1,"prominent:music_disc_coniferus_forest":1,"comforts:sleeping_bag_brown":1,"minecells:arcane_goo":4,"techreborn:ruby_gem":6,"simplyswords:diamond_longsword":1,"minecraft:redstone":53,"wizards:wizard_robe_head":3,"runes:healing_stone":1,"minecraft:hay_block":14,"minecraft:gold_ingot":2,"minecraft:polished_blackstone":2,"minecraft:blackstone_slab":1,"minecraft:filled_map":1,"minecraft:oak_log":10,"regions_unexplored:red_maple_sapling":9,"minecraft:ancient_debris":6,"paladins:paladin_spell_book":1,"bewitchment:aconite_seeds":4,"mutantmonsters:mutant_skeleton_limb":1,"techreborn:yellow_garnet_gem":1,"netherdepthsupgrade:bonefish":1,"techreborn:deepslate_bauxite_ore":20,"minecraft:mangrove_planks":2,"betternether:willow_torch":4,"minecraft:smooth_basalt":1,"modern_industrialization:raw_tungsten":2,"betternether:black_bush":5,"minecells:monster_cell":59,"minecraft:cracked_nether_bricks":4,"minecells:infected_flesh":62,"minecraft:gravel":3,"powah:uraninite_raw":15,"minecraft:spruce_sapling":53,"minecraft:spruce_log":236,"minecraft:crying_obsidian":2,"fishofthieves:fish_bone":2,"minecells:red_putrid_sapling":1,"modern_industrialization:raw_nickel":13,"minecraft:polished_blackstone_brick_wall":10,"minecells:blood_sword":1,"minecraft:ender_pearl":5,"techreborn:deepslate_galena_ore":13,"techreborn:raw_tin":26,"minecraft:nether_brick_fence":3,"botania:blue_mushroom":2,"betternether:pig_statue_respawner":1,"regions_unexplored:maple_planks":10,"minecraft:gilded_blackstone":14,"minecraft:raw_copper":68,"mutantmonsters:mutant_skeleton_skull":1,"travelersbackpack:diamond":1,"minecraft:iron_leggings":1,"techreborn:galena_ore":8,"twigs:pebble":1,"minecraft:calcite":2,"minecraft:iron_boots":1,"minecraft:stick":29,"betternether:black_apple_seed":1,"minecraft:torch":11,"minecraft:porkchop":2,"minecraft:diorite":5,"betternether:lapis_pile":11,"ae2:sky_stone_block":2,"minecraft:rotten_flesh":99,"mutantmonsters:mutant_skeleton_shoulder_pad":1,"betternether:feather_fern":5,"minecraft:cobblestone":96,"minecraft:magma_cream":40,"minecraft:andesite":35,"minecraft:potato":1,"minecraft:tuff":8,"create:raw_zinc":12,"supplementaries:flax_seeds":2,"adventurez:gilded_blackstone_shard":1,"betternether:wart_seed":7,"minecraft:wither_skeleton_skull":2,"minecraft:lapis_lazuli":109,"minecraft:dirt":41,"wizards:wand_novice":1,"minecraft:bone":115,"travelersbackpack:backpack_tank":2,"minecraft:bow":4,"minecraft:wheat_seeds":12,"minecraft:raw_gold":13,"ae2:logic_processor_press":1,"minecells:orange_putrid_sapling":1,"regions_unexplored:larch_shrub":1,"twigs:twig":109,"minecraft:cooked_porkchop":12,"promenade:duck":3,"techreborn:raw_lead":17,"minecraft:sand":1,"minecraft:nether_brick_stairs":2,"minecraft:grass_block":1,"minecells:metal_shards":4,"techreborn:sapphire_gem":1,"ae2:quartz_block":2,"techreborn:red_garnet_gem":3,"indrev:sulfur_crystal":7,"techreborn:bauxite_ore":10,"techreborn:peridot_gem":1,"minecraft:diamond":10,"artifacts:golden_hook":2,"minecraft:cracked_polished_blackstone_bricks":23,"minecraft:crossbow":1,"soulsweapons:verglas":4,"minecraft:emerald":67,"minecraft:oak_sapling":12,"indrev:nikolite_dust":74,"minecraft:netherrack":218,"regions_unexplored:mycotoxic_grass":1,"things:gleaming_powder":1,"minecraft:chicken":3,"betternether:ink_bush_seed":25,"croptopia:peach":4,"wizards:wizard_robe_feet":3,"minecraft:brown_mushroom":5,"minecraft:gold_block":45,"minecraft:moss_carpet":1,"minecraft:item_frame":1,"minecraft:blackstone":142,"graveyard:corruption":4,"techreborn:raw_silver":67,"minecraft:lectern":35,"minecraft:sugar_cane":8,"minecraft:raw_iron":53,"betternether:wall_mushroom_red":6,"endrem:nether_eye":1,"minecells:monsters_eye":8,"minecraft:polished_blackstone_bricks":80,"betternether:willow_bark":2,"fwaystones:waystone":1,"regions_unexplored:silt_grass_block":1,"minecraft:weeping_vines":22,"minecraft:arrow":62,"bewitchment:garlic":2,"regions_unexplored:maple_sapling":15,"ae2:certus_quartz_dust":2,"minecraft:nether_bricks":10,"ae2:calculation_processor_press":1,"minecraft:skeleton_skull":1,"regions_unexplored:peat_dirt":1,"modern_industrialization:raw_antimony":3,"minecraft:basalt":6,"artifacts:eternal_steak":2,"minecraft:salmon":13,"minecraft:leather":14,"betternether:wall_mushroom_brown":10,"simplyswords:gold_chakram":1,"minecraft:gunpowder":20,"mythicmounts:firebird_feather3":1,"regions_unexplored:maple_door":1,"minecraft:iron_ingot":49,"philipsruins:broken_bone":4,"comforts:sleeping_bag_gray":8,"minecraft:soul_sand":1,"simplyswords:bramblethorn":1,"minecraft:book":21,"minecraft:quartz":14,"minecraft:raw_iron_block":8,"bewitchment:belladonna_seeds":1,"minecraft:amethyst_shard":74,"bewitchment:salt":22,"minecraft:nether_brick_slab":3,"minecraft:spider_eye":2,"minecraft:iron_helmet":2,"paladins:holy_wand":1,"regions_unexplored:maple_log":70,"betternether:willow_sapling":2,"ae2:engineering_processor_press":1,"minecraft:coal":49},"minecraft:broken":{"minecraft:golden_boots":1,"minecraft:diamond_helmet":1,"mcda:plate_armor_leggings":1,"minecraft:iron_boots":6,"minecraft:iron_chestplate":5,"minecraft:iron_leggings":3,"minecraft:iron_axe":1,"minecraft:iron_helmet":4,"paladins:golden_claymore":1,"minecraft:golden_axe":1},"minecraft:mined":{"minecells:putrid_fence":1,"minecraft:obsidian":1,"minecraft:light_gray_bed":3,"minecraft:nether_wart":2,"minecraft:spawner":14,"minecraft:polished_blackstone_bricks":23,"minecraft:weeping_vines_plant":16,"minecraft:magma_block":26,"regions_unexplored:stone_bud":4,"minecraft:cobbled_deepslate":3,"minecraft:fire":24,"techreborn:deepslate_lead_ore":9,"regions_unexplored:maple_stairs":13,"minecraft:deepslate_lapis_ore":13,"minecraft:nether_brick_stairs":2,"minecraft:small_amethyst_bud":1,"minecells:wilted_wall_leaves":4,"bewitchment:deepslate_salt_ore":14,"regions_unexplored:silt_grass_block":2,"ae2:large_quartz_bud":1,"betternether:netherrack_stalactite":1,"techreborn:deepslate_bauxite_ore":20,"soulsweapons:verglas_ore_deepslate":2,"minecraft:amethyst_cluster":17,"minecraft:torch":2,"things:deepslate_gleaming_ore":1,"regions_unexplored:peat_grass_block":1,"minecraft:white_stained_glass_pane":1,"minecraft:nether_brick_slab":1,"indrev:sulfur_crystal":5,"minecraft:sugar_cane":4,"minecraft:amethyst_block":32,"powah:deepslate_uraninite_ore_poor":5,"travelersbackpack:diamond":1,"modern_industrialization:deepslate_uranium_ore":6,"techreborn:silver_ore":7,"ae2:flawed_budding_quartz":2,"minecraft:grass":7,"minecraft:smooth_basalt":1,"twigs:rhyolite":8,"minecraft:deepslate":162,"techreborn:sapphire_ore":1,"powah:deepslate_uraninite_ore":3,"minecraft:mossy_cobblestone":1,"minecraft:nether_bricks":11,"minecraft:dark_oak_fence":4,"techreborn:bauxite_ore":10,"techreborn:lead_ore":8,"runes:crafting_altar":1,"ae2:damaged_budding_quartz":1,"minecraft:andesite":28,"betternether:wall_mushroom_brown":1,"croptopia:peach_crop":4,"betternether:pig_statue_respawner":1,"comforts:sleeping_bag_gray":1,"modern_industrialization:deepslate_nickel_ore":10,"bosses_of_mass_destruction:gauntlet_blackstone":1,"ae2:sky_stone_block":2,"twigs:opaline_seashell":1,"minecraft:smithing_table":1,"minecraft:glass_pane":1,"techreborn:deepslate_silver_ore":60,"minecraft:soul_sand":1,"minecraft:polished_blackstone_brick_wall":8,"minecraft:emerald_ore":3,"regions_unexplored:silt_dirt":3,"minecraft:tall_grass":5,"minecraft:copper_ore":17,"minecraft:deepslate_gold_ore":11,"minecraft:diorite":5,"minecraft:coarse_dirt":8,"ae2:flawless_budding_quartz":2,"techreborn:ruby_ore":3,"minecraft:spruce_log":17,"betternether:wall_mushroom_red":2,"minecraft:gravel":3,"betternether:swamp_grass":2,"minecraft:polished_blackstone":2,"minecraft:chipped_anvil":1,"minecraft:gold_ore":2,"minecraft:fern":3,"minecraft:large_amethyst_bud":1,"create:deepslate_zinc_ore":11,"minecraft:spruce_planks":37,"regions_unexplored:maple_planks":9,"regions_unexplored:maple_log":1,"minecraft:brewing_stand":1,"minecraft:budding_amethyst":2,"minecraft:grass_block":4,"minecraft:cracked_polished_blackstone_bricks":6,"modern_industrialization:lignite_coal_ore":12,"minecraft:polished_blackstone_brick_slab":27,"minecraft:gilded_blackstone":15,"minecraft:raw_iron_block":8,"minecraft:glowstone":24,"minecraft:iron_ore":24,"minecraft:iron_bars":4,"betternether:black_vine":1,"techreborn:deepslate_galena_ore":13,"minecraft:spruce_slab":1,"minecraft:deepslate_redstone_ore":11,"modern_industrialization:deepslate_tungsten_ore":2,"minecraft:blackstone":137,"minecraft:medium_amethyst_bud":1,"indrev:nikolite_ore":1,"minecraft:calcite":2,"techreborn:deepslate_tin_ore":14,"minecraft:chest":4,"minecraft:nether_quartz_ore":14,"minecraft:cobblestone":2,"minecraft:wall_torch":6,"modern_industrialization:deepslate_lignite_coal_ore":5,"ae2:quartz_block":1,"techreborn:galena_ore":8,"minecraft:sand":1,"minecraft:dirt":1,"minecraft:raw_copper_block":9,"minecraft:netherrack":146,"minecraft:ancient_debris":6,"soulsweapons:verglas_ore":3,"ae2:chipped_budding_quartz":1,"minecraft:diamond_ore":1,"minecraft:crying_obsidian":2,"minecraft:tuff":8,"minecraft:deepslate_diamond_ore":8,"powah:deepslate_uraninite_ore_dense":1,"modern_industrialization:deepslate_antimony_ore":3,"minecraft:dark_oak_pressure_plate":1,"techreborn:sphalerite_ore":2,"minecraft:spruce_leaves":3,"minecraft:cracked_nether_bricks":1,"minecraft:hay_block":14,"create:scorchia":2,"treechop:chopped_log":16,"indrev:deepslate_nikolite_ore":15,"ae2:mysterious_cube":1,"minecraft:gold_block":48,"minecraft:nether_brick_fence":4,"betternether:wall_moss":2,"minecraft:bookshelf":6,"minecraft:deepslate_iron_ore":29,"bewitchment:salt_ore":2,"regions_unexplored:medium_grass":7,"betternether:nether_lapis_ore":2,"minecraft:stone":91,"regions_unexplored:mycotoxic_moss":2,"minecraft:blackstone_slab":1,"minecraft:lectern":35,"regions_unexplored:maple_door":1,"modern_industrialization:nickel_ore":3,"minecells:alchemy_equipment_0":1,"minecraft:lapis_ore":4,"minecraft:polished_blackstone_brick_stairs":3,"techreborn:tin_ore":12,"supplementaries:urn":6,"ae2:medium_quartz_bud":2,"minecraft:ice":5,"modern_industrialization:antimony_ore":1,"minecraft:mangrove_planks":2,"minecraft:coal_ore":13,"minecraft:polished_andesite":3},"minecraft:custom":{"minecraft:interact_with_crafting_table":83,"minecraft:open_barrel":1,"minecraft:leave_game":10,"minecraft:time_since_death":244741,"minecraft:damage_blocked_by_shield":242,"minecraft:play_time":794591,"minecraft:deaths":7,"minecraft:jump":13264,"minecraft:enchant_item":2,"minecraft:interact_with_furnace":53,"minecraft:play_record":1,"minecraft:traded_with_villager":126,"minecraft:sleep_in_bed":20,"minecraft:damage_dealt":97437,"minecraft:horse_one_cm":28788,"minecraft:interact_with_smithing_table":16,"minecraft:interact_with_anvil":12,"minecraft:damage_dealt_absorbed":7,"minecraft:sneak_time":16713,"minecraft:total_world_time":794591,"minecraft:time_since_rest":28480,"minecraft:swim_one_cm":235652,"minecraft:fly_one_cm":1981893,"minecraft:open_chest":507,"minecraft:fall_one_cm":377615,"lootr:looted_stat":232,"minecraft:damage_resisted":1901,"minecraft:sprint_one_cm":2122009,"minecraft:drop":245,"minecraft:talked_to_villager":99,"minecraft:interact_with_brewingstand":1,"minecraft:walk_on_water_one_cm":56625,"minecraft:player_kills":1,"minecraft:crouch_one_cm":53497,"minecraft:mob_kills":526,"minecraft:damage_dealt_resisted":8049,"minecraft:climb_one_cm":27481,"minecraft:walk_one_cm":1952356,"minecraft:walk_under_water_one_cm":50437,"minecraft:boat_one_cm":154958,"minecraft:hex":0,"minecraft:damage_taken":25468,"minecraft:damage_absorbed":41,"minecraft:trigger_trapped_chest":1,"minecraft:threat":34},"minecraft:killed_by":{"minecraft:ghast":1,"soulsweapons:accursed_lord_boss":5}},"DataVersion":3465}