{"stats":{"minecraft:crafted":{"regions_unexplored:maple_planks":384,"comforts:sleeping_bag_brown":1,"regions_unexplored:maple_stairs":200,"minecraft:bone_meal":6,"minecraft:glass_pane":16,"minecraft:glass":32,"minecraft:chest":4,"regions_unexplored:maple_door":3,"minecraft:spruce_boat":4,"minecraft:cooked_porkchop":11,"minecraft:crafting_table":3,"minecraft:spruce_planks":232,"travelersbackpack:standard":2,"minecraft:air":0,"comforts:sleeping_bag_gray":1,"minecraft:diamond_pickaxe":1,"minecraft:shield":1,"minecraft:stick":4,"minecraft:torch":20},"minecraft:dropped":{"minecraft:golden_boots":1,"minecraft:wheat_seeds":2,"minecraft:iron_helmet":1,"travelersbackpack:standard":1,"minecraft:dirt":1,"minecraft:filled_map":1,"simplyswords:diamond_katana":1,"minecraft:spruce_planks":4,"minecraft:chest":1,"spellbladenext:fire_claymore":1,"minecraft:spruce_log":29,"comforts:sleeping_bag_gray":2},"minecraft:used":{"minecraft:stone_sword":31,"regions_unexplored:maple_door":3,"minecraft:spruce_slab":1,"minecraft:spruce_planks":169,"minecraft:chest":3,"minecraft:shield":1,"regions_unexplored:maple_planks":28,"minecraft:torch":26,"regions_unexplored:larch_shrub":1,"comforts:sleeping_bag_brown":1,"minecraft:spruce_boat":4,"minecraft:glass":22,"paladins:golden_claymore":23,"minecraft:iron_axe":186,"ae2:sky_stone_block":2,"minecraft:golden_carrot":1,"minecraft:bow":4,"simplyswords:waxweaver":32,"minecraft:light_gray_bed":3,"minecraft:golden_axe":22,"minecraft:golden_boots":1,"minecraft:water_bucket":9,"spellbladenext:arcane_blade":28,"artifacts:eternal_steak":10,"minecraft:gilded_blackstone":6,"minecraft:crafting_table":4,"minecraft:spruce_log":32,"minecraft:diamond_pickaxe":23,"minecraft:crying_obsidian":2,"minecraft:bread":12,"minecraft:iron_pickaxe":7,"minecraft:spruce_sapling":11,"comforts:sleeping_bag_gray":1,"regions_unexplored:maple_stairs":178,"travelersbackpack:standard":10,"minecraft:cooked_porkchop":3,"minecraft:bucket":9,"minecraft:glass_pane":16,"minecraft:bone_meal":3},"minecraft:killed":{"promenade:duck":1,"minecraft:spider":3,"minecraft:vindicator":1,"minecraft:skeleton":4,"mythicmobs:drake":3,"bewitchment:owl":1,"minecraft:zombie":7},"minecraft:picked_up":{"minecraft:crafting_table":1,"regions_unexplored:maple_planks":10,"ae2:silicon_press":1,"minecraft:gilded_blackstone":6,"twigs:opaline_seashell":1,"graveyard:corruption":1,"minecraft:spruce_planks":19,"minecraft:spruce_slab":1,"minecraft:sugar_cane":8,"minecraft:chest":2,"minecraft:iron_boots":1,"minecraft:stick":21,"comforts:sleeping_bag_brown":1,"minecraft:torch":6,"ae2:sky_stone_block":2,"minecraft:arrow":3,"minecraft:light_gray_bed":3,"minecraft:rotten_flesh":2,"regions_unexplored:maple_sapling":9,"ae2:certus_quartz_dust":2,"minecraft:gold_ingot":2,"ae2:calculation_processor_press":1,"minecraft:magma_block":1,"minecraft:feather":4,"minecraft:filled_map":1,"regions_unexplored:red_maple_sapling":9,"minecraft:dirt":10,"minecraft:bone":6,"travelersbackpack:backpack_tank":2,"minecraft:bow":1,"minecraft:wheat_seeds":5,"minecraft:iron_ingot":1,"regions_unexplored:maple_stairs":18,"ae2:logic_processor_press":1,"comforts:sleeping_bag_gray":4,"regions_unexplored:larch_shrub":1,"twigs:twig":106,"promenade:duck":1,"minecraft:spruce_sapling":53,"minecraft:spruce_log":219,"minecraft:crying_obsidian":2,"ae2:quartz_block":2,"minecraft:diamond":1,"minecraft:iron_helmet":1,"paladins:holy_wand":1,"regions_unexplored:maple_log":64,"minecraft:emerald":3,"ae2:engineering_processor_press":1,"minecraft:netherrack":6,"minecraft:coal":1},"minecraft:broken":{"paladins:golden_claymore":1,"minecraft:golden_axe":1},"minecraft:mined":{"ae2:chipped_budding_quartz":1,"minecraft:diamond_ore":1,"minecraft:crying_obsidian":2,"minecraft:spruce_planks":21,"regions_unexplored:maple_planks":9,"regions_unexplored:maple_log":1,"minecraft:obsidian":1,"minecraft:grass_block":1,"minecraft:light_gray_bed":3,"minecraft:gilded_blackstone":6,"regions_unexplored:stone_bud":1,"ae2:damaged_budding_quartz":1,"treechop:chopped_log":13,"regions_unexplored:maple_stairs":13,"ae2:mysterious_cube":1,"regions_unexplored:medium_grass":3,"ae2:sky_stone_block":2,"twigs:opaline_seashell":1,"minecraft:spruce_slab":1,"ae2:large_quartz_bud":1,"minecraft:glass_pane":1,"minecraft:torch":1,"minecraft:emerald_ore":3,"minecraft:chest":1,"minecraft:sugar_cane":4,"minecraft:wall_torch":4,"ae2:flawless_budding_quartz":2,"ae2:medium_quartz_bud":2,"minecraft:spruce_log":1,"ae2:flawed_budding_quartz":2,"minecraft:grass":3,"ae2:quartz_block":1,"minecraft:coal_ore":1,"minecraft:fern":1},"minecraft:custom":{"lootr:looted_stat":21,"minecraft:mob_kills":20,"minecraft:interact_with_crafting_table":19,"minecraft:open_barrel":1,"minecraft:damage_dealt_resisted":0,"minecraft:leave_game":2,"minecraft:time_since_death":105815,"minecraft:climb_one_cm":442,"minecraft:damage_resisted":0,"minecraft:sprint_one_cm":226029,"minecraft:walk_one_cm":328569,"minecraft:damage_blocked_by_shield":20,"minecraft:drop":15,"minecraft:talked_to_villager":6,"minecraft:play_time":111463,"minecraft:walk_under_water_one_cm":24999,"minecraft:sneak_time":6525,"minecraft:boat_one_cm":89209,"minecraft:jump":1753,"minecraft:walk_on_water_one_cm":22098,"minecraft:total_world_time":111463,"minecraft:interact_with_furnace":6,"minecraft:sleep_in_bed":5,"minecraft:hex":0,"minecraft:time_since_rest":11793,"minecraft:damage_taken":1479,"minecraft:damage_dealt":4265,"minecraft:swim_one_cm":62367,"minecraft:fly_one_cm":304607,"minecraft:open_chest":25,"minecraft:crouch_one_cm":25759,"minecraft:threat":2,"minecraft:fall_one_cm":45049}},"DataVersion":3465}