{"stats":{"minecraft:crafted":{"regions_unexplored:maple_planks":384,"comforts:sleeping_bag_brown":1,"regions_unexplored:maple_stairs":200,"travelersbackpack:diamond":2,"decorative_blocks:spruce_palisade":6,"minecraft:glass":32,"minecraft:iron_boots":4,"minecraft:chest":18,"regions_unexplored:maple_door":3,"travelersbackpack:iron_tier_upgrade":1,"minecraft:cooked_porkchop":11,"minecraft:crafting_table":9,"minecraft:spruce_planks":312,"travelersbackpack:standard":2,"minecraft:iron_helmet":4,"minecraft:smithing_table":1,"comforts:sleeping_bag_gray":1,"minecraft:iron_chestplate":1,"minecraft:diamond_pickaxe":2,"minecraft:shield":1,"minecraft:stick":14,"minecraft:bone_meal":6,"minecraft:glass_pane":16,"minecraft:spruce_boat":5,"minecraft:enchanting_table":1,"minecraft:air":0,"minecraft:iron_leggings":2,"minecraft:torch":40,"minecraft:diamond_chestplate":1},"minecraft:dropped":{"minecraft:oak_log":3,"minecraft:diamond":2,"minecraft:crossbow":1,"minecells:blood_sword":1,"promenade:duck":1,"travelersbackpack:standard":1,"minecells:monsters_eye":8,"bewitchment:aconite_seeds":3,"minecraft:dirt":3,"minecells:infected_flesh":23,"minecraft:gold_nugget":3,"simplyswords:gold_chakram":1,"regions_unexplored:maple_log":6,"twigs:twig":3,"minecraft:bone":3,"lootr:trophy":1,"minecraft:iron_nugget":2,"minecraft:rotten_flesh":22,"regions_unexplored:maple_sapling":6,"supplementaries:ash":4,"simplyswords:diamond_katana":1,"minecraft:gunpowder":17,"minecraft:chest":1,"spellbladenext:fire_claymore":1,"minecraft:arrow":19,"minecraft:egg":5,"minecraft:enchanted_book":6,"minecraft:golden_boots":1,"minecraft:iron_ingot":52,"minecraft:wheat_seeds":4,"minecraft:iron_helmet":4,"minecraft:feather":2,"simplyswords:icewhisper":1,"minecraft:stick":13,"minecraft:iron_leggings":2,"bewitchment:garlic":1,"minecraft:string":1,"minecraft:stone_sword":2,"minecraft:filled_map":1,"minecraft:shield":1,"minecraft:spruce_planks":6,"minecraft:diamond_pickaxe":1,"minecraft:andesite":2,"ae2:certus_quartz_dust":2,"minecraft:oak_sapling":12,"minecraft:spruce_log":29,"minecraft:bow":2,"comforts:sleeping_bag_gray":2},"minecraft:used":{"regions_unexplored:maple_door":3,"minecraft:spruce_slab":1,"minecraft:chest":20,"minecraft:shield":7,"travelersbackpack:diamond":4,"minecraft:iron_chestplate":1,"comforts:sleeping_bag_brown":1,"minecraft:spruce_boat":5,"minecraft:glass":23,"minecraft:iron_helmet":2,"minecraft:bow":19,"simplyswords:waxweaver":1015,"simplyswords:gold_chakram":14,"minecraft:golden_boots":1,"spellbladenext:arcane_blade":28,"artifacts:eternal_steak":73,"simplyswords:bramblethorn":1,"minecraft:crying_obsidian":2,"minecraft:bread":12,"simplyswords:diamond_chakram":108,"regions_unexplored:maple_stairs":178,"simplyswords:frostfall":146,"minecraft:smithing_table":1,"minecraft:bone_meal":3,"minecraft:enchanting_table":1,"minecraft:stone_sword":31,"minecraft:flint_and_steel":2,"minecraft:spruce_planks":190,"regions_unexplored:maple_planks":28,"minecraft:torch":29,"minecraft:brewing_stand":1,"regions_unexplored:larch_shrub":1,"paladins:golden_claymore":23,"minecraft:iron_axe":232,"ae2:sky_stone_block":2,"minecells:blood_sword":1,"simplyswords:diamond_greathammer":16,"minecraft:golden_carrot":1,"minecraft:light_gray_bed":3,"minecraft:golden_axe":22,"minecraft:water_bucket":11,"regions_unexplored:peat_dirt":1,"minecraft:gilded_blackstone":6,"minecraft:crafting_table":10,"minecraft:spruce_log":32,"simplyswords:watching_warglaive":5,"minecraft:diamond_pickaxe":222,"minecraft:iron_pickaxe":13,"minecraft:spruce_sapling":11,"comforts:sleeping_bag_gray":5,"minecraft:enchanted_book":1,"minecraft:cobblestone":8,"travelersbackpack:standard":11,"minecraft:cooked_porkchop":3,"minecraft:bucket":10,"minecraft:glass_pane":16},"minecraft:killed":{"minecraft:spider":4,"minecraft:skeleton":13,"minecraft:chicken":3,"minecells:leaping_zombie":57,"minecells:protector":12,"minecells:grenadier":20,"minecraft:creeper":1,"minecraft:sheep":1,"minecraft:pillager":4,"bewitchment:owl":1,"minecraft:zombie":28,"minecells:shieldbearer":5,"minecraft:cow":1,"minecells:mutated_bat":7,"promenade:duck":2,"graveyard:revenant":3,"minecraft:vindicator":1,"minecells:undead_archer":13,"bewitchment:ghost":1,"graveyard:ghoul":4,"minecells:runner":6,"adventurez:skeleton_vanguard":9,"mythicmobs:drake":3,"minecraft:player":1,"minecraft:enderman":1,"adventurez:summoner":2},"minecraft:picked_up":{"techreborn:deepslate_galena_ore":4,"techreborn:raw_tin":17,"regions_unexplored:maple_planks":10,"minecraft:gilded_blackstone":6,"minecraft:string":1,"minecraft:raw_copper":68,"minecraft:iron_leggings":1,"techreborn:galena_ore":8,"minecraft:cobbled_deepslate":7,"minecraft:spruce_planks":20,"modern_industrialization:raw_uranium":3,"minecells:transposition_core":1,"minecraft:iron_boots":1,"minecraft:stick":29,"minecells:guts":18,"minecraft:torch":7,"minecells:putrid_fence":2,"ae2:sky_stone_block":2,"minecraft:stone_sword":1,"minecraft:rotten_flesh":75,"minecraft:light_gray_bed":3,"supplementaries:ash":4,"minecraft:cobblestone":8,"minecraft:magma_block":1,"minecraft:feather":11,"minecraft:andesite":2,"create:raw_zinc":5,"minecraft:lapis_lazuli":21,"minecraft:dirt":12,"minecraft:bone":11,"travelersbackpack:backpack_tank":2,"minecraft:bow":3,"minecraft:wheat_seeds":7,"minecraft:raw_gold":2,"regions_unexplored:maple_stairs":18,"ae2:logic_processor_press":1,"minecells:orange_putrid_sapling":1,"regions_unexplored:larch_shrub":1,"twigs:twig":109,"promenade:duck":3,"techreborn:raw_lead":11,"minecells:metal_shards":4,"ae2:quartz_block":2,"techreborn:sapphire_gem":1,"techreborn:bauxite_ore":10,"techreborn:peridot_gem":1,"minecells:explosive_bulb":19,"minecraft:diamond":2,"minecraft:crossbow":1,"minecraft:emerald":5,"bewitchment:ectoplasm":1,"minecraft:oak_sapling":12,"indrev:nikolite_dust":19,"minecraft:netherrack":6,"modern_industrialization:lignite_coal":17,"minecraft:crafting_table":1,"minecraft:coarse_dirt":8,"minecraft:chicken":3,"ae2:silicon_press":1,"twigs:opaline_seashell":1,"graveyard:corruption":3,"techreborn:raw_silver":20,"minecells:nutcracker":1,"minecraft:beef":5,"minecells:vine_rune":2,"minecraft:iron_nugget":1,"minecraft:spruce_slab":1,"minecraft:sugar_cane":8,"minecraft:chest":5,"minecraft:egg":1,"minecraft:raw_iron":30,"comforts:sleeping_bag_brown":1,"minecells:arcane_goo":4,"minecells:monsters_eye":8,"minecraft:redstone":9,"bewitchment:garlic":1,"minecraft:arrow":25,"regions_unexplored:maple_sapling":15,"ae2:certus_quartz_dust":2,"minecraft:hay_block":14,"ae2:calculation_processor_press":1,"minecraft:gold_ingot":2,"regions_unexplored:peat_dirt":1,"modern_industrialization:raw_antimony":2,"minecraft:leather":1,"minecraft:filled_map":1,"simplyswords:gold_chakram":1,"minecraft:oak_log":10,"regions_unexplored:red_maple_sapling":9,"minecraft:gunpowder":8,"bewitchment:aconite_seeds":4,"regions_unexplored:maple_door":1,"minecraft:iron_ingot":49,"comforts:sleeping_bag_gray":8,"techreborn:deepslate_bauxite_ore":7,"simplyswords:bramblethorn":1,"modern_industrialization:raw_tungsten":2,"minecells:monster_cell":59,"minecells:infected_flesh":62,"bewitchment:belladonna_seeds":1,"bewitchment:salt":7,"minecraft:spruce_sapling":53,"minecraft:spruce_log":236,"minecraft:crying_obsidian":2,"minecraft:spider_eye":1,"minecells:red_putrid_sapling":1,"modern_industrialization:raw_nickel":5,"minecraft:iron_helmet":2,"paladins:holy_wand":1,"regions_unexplored:maple_log":70,"ae2:engineering_processor_press":1,"minecells:blood_sword":1,"minecraft:coal":13,"minecraft:ender_pearl":2},"minecraft:broken":{"minecraft:golden_boots":1,"mcda:plate_armor_leggings":1,"minecraft:iron_boots":3,"minecraft:iron_chestplate":2,"paladins:golden_claymore":1,"minecraft:golden_axe":1,"minecraft:iron_axe":1,"minecraft:iron_helmet":2},"minecraft:mined":{"create:deepslate_zinc_ore":5,"minecells:putrid_fence":1,"minecraft:spruce_planks":21,"regions_unexplored:maple_planks":9,"regions_unexplored:maple_log":1,"minecraft:obsidian":1,"minecraft:grass_block":3,"minecraft:light_gray_bed":3,"modern_industrialization:lignite_coal_ore":12,"minecraft:gilded_blackstone":6,"minecraft:spawner":1,"regions_unexplored:stone_bud":3,"minecraft:iron_ore":13,"minecraft:fire":4,"techreborn:deepslate_lead_ore":3,"regions_unexplored:maple_stairs":13,"minecraft:deepslate_lapis_ore":3,"minecells:wilted_wall_leaves":4,"bewitchment:deepslate_salt_ore":5,"techreborn:deepslate_galena_ore":4,"minecraft:spruce_slab":1,"ae2:large_quartz_bud":1,"minecraft:deepslate_redstone_ore":2,"techreborn:deepslate_bauxite_ore":7,"modern_industrialization:deepslate_tungsten_ore":2,"minecraft:torch":1,"indrev:nikolite_ore":1,"techreborn:deepslate_tin_ore":5,"regions_unexplored:peat_grass_block":1,"minecraft:chest":4,"minecraft:sugar_cane":4,"minecraft:wall_torch":5,"modern_industrialization:deepslate_lignite_coal_ore":5,"modern_industrialization:deepslate_uranium_ore":3,"techreborn:silver_ore":7,"ae2:flawed_budding_quartz":2,"minecraft:grass":4,"ae2:quartz_block":1,"techreborn:galena_ore":8,"minecraft:deepslate":7,"ae2:chipped_budding_quartz":1,"techreborn:sapphire_ore":1,"minecraft:diamond_ore":1,"minecraft:crying_obsidian":2,"modern_industrialization:deepslate_antimony_ore":2,"techreborn:bauxite_ore":10,"minecraft:spruce_leaves":3,"minecraft:hay_block":14,"techreborn:lead_ore":8,"ae2:damaged_budding_quartz":1,"minecraft:andesite":1,"treechop:chopped_log":16,"indrev:deepslate_nikolite_ore":3,"ae2:mysterious_cube":1,"comforts:sleeping_bag_gray":1,"minecraft:deepslate_iron_ore":17,"modern_industrialization:deepslate_nickel_ore":2,"regions_unexplored:medium_grass":7,"ae2:sky_stone_block":2,"minecraft:stone":6,"twigs:opaline_seashell":1,"minecraft:glass_pane":1,"techreborn:deepslate_silver_ore":13,"minecraft:emerald_ore":3,"regions_unexplored:maple_door":1,"modern_industrialization:nickel_ore":3,"minecraft:tall_grass":5,"minecraft:copper_ore":17,"minecells:alchemy_equipment_0":1,"techreborn:tin_ore":12,"supplementaries:urn":1,"minecraft:coarse_dirt":8,"ae2:flawless_budding_quartz":2,"ae2:medium_quartz_bud":2,"minecraft:spruce_log":17,"minecraft:coal_ore":13,"minecraft:gold_ore":2,"minecraft:fern":3},"minecraft:custom":{"lootr:looted_stat":135,"minecraft:interact_with_crafting_table":47,"minecraft:open_barrel":1,"minecraft:leave_game":7,"minecraft:time_since_death":334252,"minecraft:damage_resisted":90,"minecraft:sprint_one_cm":782210,"minecraft:damage_blocked_by_shield":242,"minecraft:drop":93,"minecraft:talked_to_villager":6,"minecraft:play_time":339900,"minecraft:jump":5669,"minecraft:walk_on_water_one_cm":42792,"minecraft:enchant_item":1,"minecraft:interact_with_furnace":9,"minecraft:sleep_in_bed":15,"minecraft:damage_dealt":44957,"minecraft:player_kills":1,"minecraft:crouch_one_cm":28390,"minecraft:interact_with_smithing_table":3,"minecraft:mob_kills":206,"minecraft:damage_dealt_resisted":1838,"minecraft:climb_one_cm":21655,"minecraft:walk_one_cm":959310,"minecraft:damage_dealt_absorbed":7,"minecraft:sneak_time":8183,"minecraft:walk_under_water_one_cm":39938,"minecraft:boat_one_cm":154958,"minecraft:total_world_time":339900,"minecraft:hex":0,"minecraft:time_since_rest":9383,"minecraft:damage_taken":6141,"minecraft:swim_one_cm":223614,"minecraft:fly_one_cm":916341,"minecraft:open_chest":260,"minecraft:threat":11,"minecraft:fall_one_cm":139964}},"DataVersion":3465}