{"stats":{"minecraft:killed":{"minecells:mutated_bat":7,"promenade:duck":1,"minecraft:spider":4,"minecraft:vindicator":1,"minecells:undead_archer":13,"minecraft:skeleton":7,"minecells:leaping_zombie":57,"minecells:protector":12,"minecells:grenadier":20,"minecells:runner":6,"adventurez:skeleton_vanguard":9,"mythicmobs:drake":3,"minecraft:sheep":1,"minecraft:pillager":4,"bewitchment:owl":1,"minecraft:zombie":16,"minecells:shieldbearer":5,"minecraft:player":1,"adventurez:summoner":2},"minecraft:picked_up":{"minecraft:crafting_table":1,"ae2:silicon_press":1,"regions_unexplored:maple_planks":10,"minecraft:gilded_blackstone":6,"minecraft:string":1,"twigs:opaline_seashell":1,"graveyard:corruption":2,"minecraft:spruce_planks":19,"minecells:vine_rune":2,"minecraft:iron_nugget":1,"minecraft:spruce_slab":1,"minecraft:sugar_cane":8,"minecraft:chest":2,"minecells:transposition_core":1,"minecraft:iron_boots":1,"minecells:guts":18,"minecraft:stick":29,"comforts:sleeping_bag_brown":1,"minecraft:torch":6,"minecells:monsters_eye":8,"minecells:arcane_goo":4,"minecells:putrid_fence":2,"ae2:sky_stone_block":2,"bewitchment:garlic":1,"minecraft:rotten_flesh":56,"minecraft:arrow":22,"minecraft:light_gray_bed":3,"regions_unexplored:maple_sapling":15,"ae2:certus_quartz_dust":2,"minecraft:gold_ingot":2,"ae2:calculation_processor_press":1,"minecraft:magma_block":1,"minecraft:feather":4,"minecraft:filled_map":1,"minecraft:oak_log":10,"regions_unexplored:red_maple_sapling":9,"minecraft:gunpowder":5,"bewitchment:aconite_seeds":4,"minecraft:dirt":10,"minecraft:bone":8,"travelersbackpack:backpack_tank":2,"minecraft:bow":3,"minecraft:wheat_seeds":6,"regions_unexplored:maple_stairs":18,"minecraft:iron_ingot":49,"minecells:orange_putrid_sapling":1,"ae2:logic_processor_press":1,"comforts:sleeping_bag_gray":7,"regions_unexplored:larch_shrub":1,"twigs:twig":109,"promenade:duck":1,"minecells:monster_cell":59,"minecells:infected_flesh":62,"bewitchment:belladonna_seeds":1,"minecraft:spruce_sapling":53,"minecells:metal_shards":4,"minecraft:spruce_log":219,"minecraft:crying_obsidian":2,"ae2:quartz_block":2,"minecraft:spider_eye":1,"minecells:red_putrid_sapling":1,"minecraft:diamond":2,"minecells:explosive_bulb":19,"minecraft:iron_helmet":2,"paladins:holy_wand":1,"minecraft:crossbow":1,"regions_unexplored:maple_log":70,"ae2:engineering_processor_press":1,"minecraft:emerald":5,"minecraft:oak_sapling":12,"minecraft:netherrack":6,"minecraft:coal":1},"minecraft:broken":{"minecraft:golden_boots":1,"mcda:plate_armor_leggings":1,"minecraft:iron_boots":2,"minecraft:iron_chestplate":2,"paladins:golden_claymore":1,"minecraft:golden_axe":1,"minecraft:iron_helmet":2},"minecraft:mined":{"ae2:chipped_budding_quartz":1,"minecraft:diamond_ore":1,"minecraft:crying_obsidian":2,"minecells:putrid_fence":1,"minecraft:spruce_planks":21,"regions_unexplored:maple_planks":9,"regions_unexplored:maple_log":1,"minecraft:obsidian":1,"minecraft:grass_block":1,"minecraft:light_gray_bed":3,"minecraft:spruce_leaves":1,"minecraft:gilded_blackstone":6,"regions_unexplored:stone_bud":1,"ae2:damaged_budding_quartz":1,"treechop:chopped_log":15,"regions_unexplored:maple_stairs":13,"ae2:mysterious_cube":1,"minecells:wilted_wall_leaves":4,"regions_unexplored:medium_grass":7,"ae2:sky_stone_block":2,"twigs:opaline_seashell":1,"minecraft:spruce_slab":1,"ae2:large_quartz_bud":1,"minecraft:glass_pane":1,"minecraft:torch":1,"minecraft:emerald_ore":3,"minecraft:chest":1,"minecraft:tall_grass":5,"minecells:alchemy_equipment_0":1,"minecraft:sugar_cane":4,"minecraft:wall_torch":4,"ae2:flawless_budding_quartz":2,"ae2:medium_quartz_bud":2,"minecraft:spruce_log":1,"ae2:flawed_budding_quartz":2,"minecraft:grass":4,"ae2:quartz_block":1,"minecraft:coal_ore":1,"minecraft:fern":2},"minecraft:custom":{"minecraft:interact_with_smithing_table":3,"lootr:looted_stat":128,"minecraft:mob_kills":172,"minecraft:interact_with_crafting_table":34,"minecraft:open_barrel":1,"minecraft:damage_dealt_resisted":1838,"minecraft:leave_game":4,"minecraft:time_since_death":233648,"minecraft:climb_one_cm":21655,"minecraft:damage_resisted":80,"minecraft:sprint_one_cm":609017,"minecraft:walk_one_cm":812129,"minecraft:damage_blocked_by_shield":242,"minecraft:drop":63,"minecraft:talked_to_villager":6,"minecraft:play_time":239296,"minecraft:sneak_time":6974,"minecraft:walk_under_water_one_cm":25219,"minecraft:boat_one_cm":89209,"minecraft:jump":4286,"minecraft:walk_on_water_one_cm":28813,"minecraft:total_world_time":239296,"minecraft:interact_with_furnace":6,"minecraft:sleep_in_bed":8,"minecraft:hex":0,"minecraft:time_since_rest":109365,"minecraft:damage_taken":4865,"minecraft:damage_dealt":38412,"minecraft:swim_one_cm":62367,"minecraft:fly_one_cm":664456,"minecraft:player_kills":1,"minecraft:open_chest":51,"minecraft:crouch_one_cm":26367,"minecraft:threat":10,"minecraft:fall_one_cm":98257},"minecraft:used":{"minecraft:stone_sword":31,"regions_unexplored:maple_door":3,"minecraft:spruce_slab":1,"minecraft:chest":5,"minecraft:spruce_planks":185,"minecraft:shield":7,"travelersbackpack:diamond":4,"minecraft:iron_chestplate":1,"regions_unexplored:maple_planks":28,"minecraft:torch":26,"regions_unexplored:larch_shrub":1,"comforts:sleeping_bag_brown":1,"minecraft:spruce_boat":4,"minecraft:glass":22,"paladins:golden_claymore":23,"minecraft:iron_axe":208,"ae2:sky_stone_block":2,"minecraft:iron_helmet":2,"simplyswords:diamond_greathammer":16,"minecraft:golden_carrot":1,"minecraft:bow":19,"simplyswords:waxweaver":910,"simplyswords:gold_chakram":14,"minecraft:light_gray_bed":3,"minecraft:golden_axe":22,"minecraft:golden_boots":1,"minecraft:water_bucket":11,"spellbladenext:arcane_blade":28,"artifacts:eternal_steak":54,"minecraft:gilded_blackstone":6,"minecraft:crafting_table":9,"minecraft:spruce_log":32,"simplyswords:watching_warglaive":5,"minecraft:diamond_pickaxe":23,"minecraft:crying_obsidian":2,"minecraft:bread":12,"minecraft:iron_pickaxe":7,"minecraft:spruce_sapling":11,"comforts:sleeping_bag_gray":4,"simplyswords:diamond_chakram":78,"simplyswords:frostfall":111,"regions_unexplored:maple_stairs":178,"travelersbackpack:standard":11,"minecraft:cooked_porkchop":3,"minecraft:smithing_table":1,"minecraft:bucket":10,"minecraft:glass_pane":16,"minecraft:bone_meal":3},"minecraft:dropped":{"minecraft:golden_boots":1,"minecraft:iron_ingot":52,"minecraft:wheat_seeds":3,"minecraft:oak_log":3,"minecraft:diamond":2,"minecraft:crossbow":1,"minecraft:iron_helmet":4,"minecraft:feather":2,"simplyswords:icewhisper":1,"travelersbackpack:standard":1,"minecells:monsters_eye":8,"minecraft:stick":10,"bewitchment:aconite_seeds":3,"minecraft:dirt":1,"minecells:infected_flesh":23,"bewitchment:garlic":1,"minecraft:gold_nugget":3,"regions_unexplored:maple_log":6,"minecraft:string":1,"twigs:twig":3,"lootr:trophy":1,"minecraft:iron_nugget":2,"minecraft:rotten_flesh":12,"regions_unexplored:maple_sapling":6,"minecraft:filled_map":1,"simplyswords:diamond_katana":1,"minecraft:gunpowder":16,"minecraft:spruce_planks":4,"ae2:certus_quartz_dust":2,"minecraft:chest":1,"minecraft:oak_sapling":12,"spellbladenext:fire_claymore":1,"minecraft:spruce_log":29,"minecraft:arrow":19,"minecraft:bow":2,"comforts:sleeping_bag_gray":2,"minecraft:egg":5},"minecraft:crafted":{"regions_unexplored:maple_planks":384,"comforts:sleeping_bag_brown":1,"regions_unexplored:maple_stairs":200,"minecraft:bone_meal":6,"travelersbackpack:diamond":2,"decorative_blocks:spruce_palisade":6,"minecraft:glass_pane":16,"minecraft:glass":32,"minecraft:iron_boots":2,"minecraft:chest":6,"regions_unexplored:maple_door":3,"minecraft:spruce_boat":4,"travelersbackpack:iron_tier_upgrade":1,"minecraft:cooked_porkchop":11,"minecraft:crafting_table":8,"minecraft:spruce_planks":288,"minecraft:iron_helmet":4,"travelersbackpack:standard":2,"minecraft:smithing_table":1,"minecraft:air":0,"comforts:sleeping_bag_gray":1,"minecraft:iron_chestplate":1,"minecraft:diamond_pickaxe":1,"minecraft:shield":1,"minecraft:stick":4,"minecraft:iron_leggings":1,"minecraft:torch":20,"minecraft:diamond_chestplate":1}},"DataVersion":3465}