{"stats":{"minecraft:killed":{"minecraft:spider":7,"minecraft:skeleton":15,"minecraft:chicken":3,"minecells:leaping_zombie":57,"minecells:protector":12,"minecells:grenadier":20,"minecraft:piglin_brute":2,"minecraft:magma_cube":49,"minecraft:piglin":6,"minecraft:zombie_villager":1,"minecraft:salmon":17,"minecraft:creeper":1,"bewitchment:raven":1,"minecraft:sheep":1,"bewitchment:owl":1,"minecraft:pillager":4,"minecraft:zombie":49,"minecells:shieldbearer":5,"mutantmonsters:mutant_creeper":1,"minecraft:cow":2,"minecells:mutated_bat":7,"promenade:duck":2,"graveyard:revenant":5,"minecraft:vindicator":1,"minecells:undead_archer":13,"bewitchment:ghost":1,"minecraft:horse":2,"naturalist:deer":1,"graveyard:ghoul":4,"minecells:runner":6,"adventurez:skeleton_vanguard":9,"minecraft:hoglin":3,"mythicmobs:drake":3,"promenade:lush_creeper":1,"mutantmonsters:creeper_minion":1,"minecraft:player":1,"adventurez:summoner":2,"minecraft:enderman":2},"minecraft:picked_up":{"techreborn:raw_tin":26,"techreborn:deepslate_galena_ore":13,"botania:blue_mushroom":1,"regions_unexplored:maple_planks":10,"minecraft:gilded_blackstone":6,"minecraft:amethyst_block":32,"minecraft:polished_blackstone_brick_stairs":6,"minecraft:string":1,"minecraft:raw_copper":68,"travelersbackpack:diamond":1,"minecraft:iron_leggings":1,"techreborn:galena_ore":8,"minecraft:gold_nugget":8,"minecraft:cobbled_deepslate":177,"bosses_of_mass_destruction:soul_star":1,"twigs:pebble":1,"minecraft:spruce_planks":20,"modern_industrialization:raw_uranium":5,"minecraft:calcite":2,"minecells:transposition_core":1,"minecraft:iron_boots":1,"minecells:guts":18,"minecraft:stick":29,"minecraft:torch":10,"minecraft:porkchop":2,"minecraft:diorite":5,"minecells:putrid_fence":2,"ae2:sky_stone_block":2,"minecraft:stone_sword":1,"minecraft:light_gray_bed":3,"minecraft:rotten_flesh":94,"artifacts:villager_hat":1,"supplementaries:ash":16,"betternether:feather_fern":2,"minecraft:cobblestone":40,"minecraft:magma_block":17,"minecraft:feather":14,"minecraft:magma_cream":25,"minecraft:andesite":11,"minecraft:potato":1,"minecraft:tuff":8,"create:raw_zinc":11,"supplementaries:flax_seeds":2,"travelersbackpack:gold_tier_upgrade":1,"minecraft:lapis_lazuli":86,"minecraft:dirt":12,"wizards:wand_novice":1,"minecraft:bone":20,"travelersbackpack:backpack_tank":2,"minecraft:bow":3,"minecraft:wheat_seeds":12,"minecraft:raw_gold":13,"regions_unexplored:maple_stairs":18,"ae2:logic_processor_press":1,"minecells:orange_putrid_sapling":1,"regions_unexplored:larch_shrub":1,"minecraft:glowstone_dust":73,"twigs:twig":109,"croptopia:roe":13,"promenade:duck":3,"techreborn:raw_lead":17,"minecells:metal_shards":4,"techreborn:sapphire_gem":1,"ae2:quartz_block":2,"techreborn:red_garnet_gem":3,"indrev:sulfur_crystal":7,"techreborn:bauxite_ore":10,"techreborn:peridot_gem":1,"minecraft:polished_andesite":3,"minecells:explosive_bulb":19,"minecraft:diamond":10,"minecraft:cracked_polished_blackstone_bricks":6,"minecraft:crossbow":1,"soulsweapons:verglas":4,"minecraft:emerald":5,"bewitchment:ectoplasm":1,"indrev:nikolite_dust":74,"minecraft:oak_sapling":12,"twigs:rhyolite":13,"minecraft:netherrack":94,"minecraft:diamond_pickaxe":2,"modern_industrialization:lignite_coal":17,"minecraft:coarse_dirt":8,"minecraft:crafting_table":1,"things:gleaming_powder":1,"minecraft:chicken":3,"wizards:wizard_robe_feet":3,"croptopia:peach":4,"minecraft:brown_mushroom":3,"minecraft:gold_block":2,"ae2:silicon_press":1,"minecraft:moss_carpet":1,"minecraft:blackstone":54,"twigs:opaline_seashell":1,"graveyard:corruption":3,"techreborn:raw_silver":67,"minecells:nutcracker":1,"minecraft:beef":9,"minecells:vine_rune":2,"minecraft:iron_nugget":1,"minecraft:spruce_slab":1,"betternether:netherrack_stalactite":3,"minecraft:sugar_cane":8,"minecraft:chest":5,"minecraft:raw_copper_block":9,"minecraft:egg":1,"minecraft:raw_iron":52,"betternether:wall_mushroom_red":3,"comforts:sleeping_bag_brown":1,"minecells:monsters_eye":8,"minecells:arcane_goo":4,"techreborn:ruby_gem":6,"minecraft:polished_blackstone_bricks":15,"minecraft:redstone":53,"wizards:wizard_robe_head":3,"minecraft:weeping_vines":8,"bewitchment:garlic":2,"minecraft:arrow":35,"regions_unexplored:maple_sapling":15,"ae2:certus_quartz_dust":2,"minecraft:hay_block":14,"ae2:calculation_processor_press":1,"minecraft:gold_ingot":2,"regions_unexplored:peat_dirt":1,"modern_industrialization:raw_antimony":3,"minecraft:salmon":13,"minecraft:leather":10,"minecraft:blackstone_slab":1,"betternether:wall_mushroom_brown":5,"minecraft:filled_map":1,"simplyswords:gold_chakram":1,"minecraft:oak_log":10,"regions_unexplored:red_maple_sapling":9,"minecraft:gunpowder":19,"bewitchment:aconite_seeds":4,"regions_unexplored:maple_door":1,"minecraft:iron_ingot":49,"comforts:sleeping_bag_gray":8,"techreborn:deepslate_bauxite_ore":20,"betternether:willow_torch":1,"simplyswords:bramblethorn":1,"modern_industrialization:raw_tungsten":2,"betternether:black_bush":1,"minecells:monster_cell":59,"minecells:infected_flesh":62,"minecraft:raw_iron_block":8,"bewitchment:salt":22,"bewitchment:belladonna_seeds":1,"minecraft:amethyst_shard":74,"powah:uraninite_raw":15,"minecraft:spruce_sapling":53,"minecraft:spruce_log":236,"minecraft:crying_obsidian":2,"minecraft:spider_eye":2,"fishofthieves:fish_bone":2,"minecells:red_putrid_sapling":1,"modern_industrialization:raw_nickel":13,"minecraft:iron_helmet":2,"paladins:holy_wand":1,"regions_unexplored:maple_log":70,"ae2:engineering_processor_press":1,"minecraft:coal":13,"minecells:blood_sword":1,"minecraft:ender_pearl":3},"minecraft:broken":{"minecraft:golden_boots":1,"mcda:plate_armor_leggings":1,"minecraft:iron_boots":4,"minecraft:iron_chestplate":2,"minecraft:iron_leggings":1,"paladins:golden_claymore":1,"minecraft:golden_axe":1,"minecraft:iron_axe":1,"minecraft:iron_helmet":2},"minecraft:mined":{"minecraft:large_amethyst_bud":1,"create:deepslate_zinc_ore":11,"minecells:putrid_fence":1,"minecraft:spruce_planks":21,"regions_unexplored:maple_planks":9,"regions_unexplored:maple_log":1,"minecraft:obsidian":1,"minecraft:budding_amethyst":2,"minecraft:grass_block":3,"minecraft:cracked_polished_blackstone_bricks":3,"minecraft:light_gray_bed":3,"modern_industrialization:lignite_coal_ore":12,"minecraft:weeping_vines_plant":16,"minecraft:gilded_blackstone":6,"minecraft:spawner":1,"minecraft:polished_blackstone_bricks":4,"minecraft:magma_block":16,"minecraft:raw_iron_block":8,"regions_unexplored:stone_bud":4,"minecraft:glowstone":24,"minecraft:iron_ore":23,"minecraft:cobbled_deepslate":3,"minecraft:fire":4,"techreborn:deepslate_lead_ore":9,"regions_unexplored:maple_stairs":13,"minecraft:deepslate_lapis_ore":13,"minecraft:small_amethyst_bud":1,"minecells:wilted_wall_leaves":4,"bewitchment:deepslate_salt_ore":14,"regions_unexplored:silt_grass_block":1,"techreborn:deepslate_galena_ore":13,"minecraft:spruce_slab":1,"ae2:large_quartz_bud":1,"minecraft:deepslate_redstone_ore":11,"betternether:netherrack_stalactite":1,"techreborn:deepslate_bauxite_ore":20,"modern_industrialization:deepslate_tungsten_ore":2,"minecraft:blackstone":49,"soulsweapons:verglas_ore_deepslate":2,"minecraft:medium_amethyst_bud":1,"minecraft:amethyst_cluster":17,"minecraft:torch":2,"things:deepslate_gleaming_ore":1,"indrev:nikolite_ore":1,"regions_unexplored:peat_grass_block":1,"minecraft:calcite":2,"techreborn:deepslate_tin_ore":14,"minecraft:chest":4,"indrev:sulfur_crystal":5,"minecraft:cobblestone":2,"minecraft:sugar_cane":4,"minecraft:wall_torch":6,"minecraft:amethyst_block":32,"powah:deepslate_uraninite_ore_poor":5,"modern_industrialization:deepslate_lignite_coal_ore":5,"travelersbackpack:diamond":1,"modern_industrialization:deepslate_uranium_ore":6,"techreborn:silver_ore":7,"ae2:flawed_budding_quartz":2,"minecraft:grass":7,"ae2:quartz_block":1,"techreborn:galena_ore":8,"twigs:rhyolite":8,"minecraft:raw_copper_block":9,"minecraft:netherrack":41,"minecraft:deepslate":162,"soulsweapons:verglas_ore":3,"techreborn:sapphire_ore":1,"ae2:chipped_budding_quartz":1,"powah:deepslate_uraninite_ore":3,"minecraft:diamond_ore":1,"minecraft:crying_obsidian":2,"minecraft:tuff":8,"minecraft:mossy_cobblestone":1,"minecraft:deepslate_diamond_ore":8,"powah:deepslate_uraninite_ore_dense":1,"modern_industrialization:deepslate_antimony_ore":3,"techreborn:bauxite_ore":10,"minecraft:spruce_leaves":3,"minecraft:hay_block":14,"techreborn:lead_ore":8,"ae2:damaged_budding_quartz":1,"minecraft:andesite":14,"betternether:wall_mushroom_brown":1,"treechop:chopped_log":16,"indrev:deepslate_nikolite_ore":15,"ae2:mysterious_cube":1,"croptopia:peach_crop":4,"minecraft:gold_block":2,"comforts:sleeping_bag_gray":1,"betternether:wall_moss":1,"minecraft:deepslate_iron_ore":29,"bewitchment:salt_ore":2,"bosses_of_mass_destruction:gauntlet_blackstone":1,"modern_industrialization:deepslate_nickel_ore":10,"regions_unexplored:medium_grass":7,"ae2:sky_stone_block":2,"minecraft:stone":36,"twigs:opaline_seashell":1,"minecraft:glass_pane":1,"techreborn:deepslate_silver_ore":60,"minecraft:blackstone_slab":1,"minecraft:emerald_ore":3,"regions_unexplored:silt_dirt":1,"regions_unexplored:maple_door":1,"modern_industrialization:nickel_ore":3,"minecraft:copper_ore":17,"minecraft:tall_grass":5,"minecells:alchemy_equipment_0":1,"minecraft:deepslate_gold_ore":11,"minecraft:polished_blackstone_brick_stairs":1,"minecraft:diorite":5,"techreborn:tin_ore":12,"supplementaries:urn":6,"minecraft:coarse_dirt":8,"ae2:flawless_budding_quartz":2,"ae2:medium_quartz_bud":2,"techreborn:ruby_ore":3,"minecraft:ice":5,"modern_industrialization:antimony_ore":1,"minecraft:spruce_log":17,"betternether:wall_mushroom_red":1,"minecraft:coal_ore":13,"betternether:swamp_grass":2,"minecraft:polished_andesite":3,"minecraft:gold_ore":2,"minecraft:fern":3},"minecraft:custom":{"lootr:looted_stat":147,"minecraft:interact_with_crafting_table":60,"minecraft:open_barrel":1,"minecraft:leave_game":8,"minecraft:time_since_death":479262,"minecraft:damage_resisted":288,"minecraft:sprint_one_cm":1007794,"minecraft:damage_blocked_by_shield":242,"minecraft:drop":115,"minecraft:talked_to_villager":7,"minecraft:play_time":484910,"minecraft:jump":8046,"minecraft:walk_on_water_one_cm":53025,"minecraft:enchant_item":2,"minecraft:interact_with_furnace":23,"minecraft:sleep_in_bed":17,"minecraft:damage_dealt":59182,"minecraft:player_kills":1,"minecraft:crouch_one_cm":38406,"minecraft:interact_with_smithing_table":12,"minecraft:interact_with_anvil":9,"minecraft:mob_kills":326,"minecraft:damage_dealt_resisted":5246,"minecraft:climb_one_cm":24878,"minecraft:walk_one_cm":1238117,"minecraft:damage_dealt_absorbed":7,"minecraft:sneak_time":11997,"minecraft:walk_under_water_one_cm":50133,"minecraft:boat_one_cm":154958,"minecraft:total_world_time":484910,"minecraft:hex":0,"minecraft:time_since_rest":87043,"minecraft:damage_taken":9288,"minecraft:trigger_trapped_chest":1,"minecraft:swim_one_cm":232921,"minecraft:fly_one_cm":1225832,"minecraft:open_chest":354,"minecraft:threat":35,"minecraft:fall_one_cm":204988},"minecraft:used":{"regions_unexplored:maple_door":3,"minecraft:spruce_slab":1,"minecraft:chest":20,"minecraft:shield":7,"travelersbackpack:diamond":8,"minecraft:iron_chestplate":1,"spellbladenext:gleaming_chest":1,"comforts:sleeping_bag_brown":1,"minecraft:spruce_boat":5,"minecraft:glass":23,"minecraft:iron_helmet":2,"minecraft:bow":19,"simplyswords:waxweaver":1015,"simplyswords:gold_chakram":14,"minecraft:golden_boots":1,"minecraft:diorite":1,"minecraft:ender_pearl":1,"spellbladenext:arcane_blade":28,"artifacts:eternal_steak":109,"spell_engine:spell_binding":1,"simplyswords:bramblethorn":1,"minecraft:crying_obsidian":2,"minecraft:bread":12,"simplyswords:diamond_chakram":278,"regions_unexplored:maple_stairs":178,"simplyswords:frostfall":453,"minecraft:smithing_table":2,"spellbladenext:arcane_orb":32,"minecraft:bone_meal":3,"minecraft:enchanting_table":1,"minecraft:stone_sword":31,"minecraft:flint_and_steel":3,"minecraft:spruce_planks":190,"minecraft:netherrack":1,"regions_unexplored:maple_planks":28,"minecraft:torch":32,"minecraft:brewing_stand":1,"minecraft:dirt":43,"minecraft:anvil":1,"regions_unexplored:larch_shrub":1,"paladins:golden_claymore":23,"minecraft:iron_axe":232,"ae2:sky_stone_block":2,"minecells:blood_sword":1,"simplyswords:diamond_greathammer":16,"minecraft:golden_carrot":1,"minecraft:cobbled_deepslate":109,"minecraft:light_gray_bed":3,"minecraft:golden_axe":22,"minecraft:water_bucket":14,"minecraft:polished_andesite":3,"regions_unexplored:peat_dirt":1,"minecraft:polished_blackstone_bricks":1,"minecraft:gilded_blackstone":6,"minecraft:crafting_table":10,"minecraft:spruce_log":32,"simplyswords:watching_warglaive":5,"minecraft:diamond_pickaxe":869,"runes:crafting_altar":1,"minecraft:iron_pickaxe":13,"minecraft:spruce_sapling":11,"comforts:sleeping_bag_gray":5,"minecraft:enchanted_book":1,"minecraft:cobblestone":14,"travelersbackpack:standard":11,"minecraft:cooked_porkchop":3,"minecraft:bucket":14,"minecraft:glass_pane":16},"minecraft:dropped":{"minecraft:oak_log":3,"minecraft:diamond":2,"minecraft:crossbow":1,"minecells:blood_sword":1,"minecraft:leather":2,"promenade:duck":1,"travelersbackpack:standard":1,"minecells:monsters_eye":8,"bewitchment:aconite_seeds":3,"twigs:pebble":1,"minecraft:dirt":3,"minecells:infected_flesh":23,"betternether:wall_mushroom_brown":1,"minecraft:gold_nugget":3,"simplyswords:gold_chakram":1,"regions_unexplored:maple_log":6,"wizards:wizard_robe_feet":2,"twigs:twig":3,"minecraft:bone":3,"lootr:trophy":1,"minecraft:iron_nugget":2,"minecraft:rotten_flesh":22,"artifacts:villager_hat":2,"regions_unexplored:maple_sapling":6,"wizards:wand_novice":1,"supplementaries:ash":4,"simplyswords:diamond_katana":1,"minecraft:gunpowder":17,"minecraft:chest":1,"spellbladenext:fire_claymore":1,"minecraft:arrow":19,"archers:archer_spell_book":1,"minecraft:egg":5,"minecraft:enchanted_book":6,"minecraft:golden_boots":1,"minecraft:iron_ingot":52,"minecraft:wheat_seeds":4,"minecraft:feather":2,"minecraft:iron_helmet":4,"minecraft:cobblestone":2,"simplyswords:icewhisper":1,"paladins:paladin_spell_book":1,"minecraft:stick":13,"minecraft:iron_leggings":2,"bewitchment:garlic":1,"archon:grimoire":1,"minecraft:string":1,"minecraft:moss_carpet":1,"minecraft:stone_sword":2,"minecraft:tuff":8,"invoke:invoker_spell_book":1,"minecraft:filled_map":1,"minecraft:shield":1,"minecraft:spruce_planks":6,"minecraft:andesite":3,"minecraft:diamond_pickaxe":3,"minecraft:oak_sapling":12,"ae2:certus_quartz_dust":2,"minecraft:spruce_log":29,"minecraft:bow":2,"minecraft:calcite":2,"comforts:sleeping_bag_gray":2,"wizards:wizard_robe_head":2},"minecraft:crafted":{"spellbladenext:gleaming_chest":1,"regions_unexplored:maple_planks":384,"comforts:sleeping_bag_brown":1,"regions_unexplored:maple_stairs":200,"runes:arcane_stone":10,"travelersbackpack:diamond":3,"decorative_blocks:spruce_palisade":6,"minecraft:glass":34,"wizards:wand_arcane":1,"minecraft:iron_boots":4,"minecraft:raw_copper":81,"minecraft:chest":18,"regions_unexplored:maple_door":3,"travelersbackpack:iron_tier_upgrade":1,"minecraft:cooked_porkchop":11,"minecraft:crafting_table":9,"minecraft:spruce_planks":320,"travelersbackpack:standard":2,"minecraft:iron_helmet":4,"minecraft:smithing_table":2,"minecraft:gold_block":4,"comforts:sleeping_bag_gray":1,"minecraft:iron_chestplate":2,"minecraft:diamond_pickaxe":2,"minecraft:shield":1,"minecraft:stick":14,"minecraft:iron_ingot":27,"minecraft:iron_block":3,"runes:crafting_altar":1,"things:monocle":1,"minecraft:polished_andesite":8,"minecraft:raw_iron":72,"minecraft:bone_meal":14,"minecraft:flint_and_steel":1,"minecraft:glass_pane":16,"minecraft:polished_diorite":4,"minecraft:spruce_boat":5,"minecraft:golden_helmet":1,"spellbladenext:runegleam_ingot":4,"minecraft:enchanting_table":1,"minecraft:air":0,"archon:grimoire":1,"spellbladenext:arcane_orb":1,"minecraft:iron_leggings":2,"minecraft:anvil":1,"spell_engine:spell_binding":1,"spellbladenext:gleaming_head":1,"minecraft:torch":40,"minecraft:diamond_chestplate":1}},"DataVersion":3465}