{"stats":{"minecraft:killed":{"minecraft:skeleton":2,"minecraft:zombie":6,"promenade:duck":1,"minecraft:spider":1},"minecraft:picked_up":{"minecraft:crafting_table":1,"minecraft:magma_block":1,"minecraft:feather":2,"promenade:duck":1,"minecraft:spruce_sapling":5,"minecraft:spruce_log":71,"minecraft:dirt":9,"minecraft:arrow":2,"minecraft:bone":4,"twigs:opaline_seashell":1,"minecraft:bow":1,"minecraft:wheat_seeds":4,"paladins:holy_wand":1,"minecraft:netherrack":6,"twigs:twig":10,"minecraft:sugar_cane":8},"minecraft:broken":{"minecraft:golden_axe":1,"paladins:golden_claymore":1},"minecraft:mined":{"treechop:chopped_log":2,"minecraft:sugar_cane":4,"twigs:opaline_seashell":1,"minecraft:fern":1},"minecraft:custom":{"minecraft:time_since_rest":31494,"lootr:looted_stat":3,"minecraft:interact_with_furnace":4,"minecraft:sprint_one_cm":38296,"minecraft:damage_taken":1009,"minecraft:walk_one_cm":84751,"minecraft:damage_blocked_by_shield":20,"minecraft:mob_kills":10,"minecraft:drop":5,"minecraft:damage_dealt":1798,"minecraft:swim_one_cm":41441,"minecraft:interact_with_crafting_table":4,"minecraft:fly_one_cm":50481,"minecraft:crouch_one_cm":36,"minecraft:play_time":31494,"minecraft:sneak_time":412,"minecraft:walk_under_water_one_cm":21264,"minecraft:boat_one_cm":89209,"minecraft:jump":402,"minecraft:leave_game":2,"minecraft:time_since_death":25846,"minecraft:walk_on_water_one_cm":15904,"minecraft:climb_one_cm":442,"minecraft:total_world_time":31494,"minecraft:hex":0,"minecraft:fall_one_cm":5879},"minecraft:used":{"minecraft:golden_boots":1,"minecraft:spruce_boat":4,"minecraft:stone_sword":31,"paladins:golden_claymore":23,"minecraft:bread":12,"minecraft:spruce_planks":1,"minecraft:shield":1,"minecraft:golden_carrot":1,"minecraft:bow":1,"minecraft:crafting_table":2,"minecraft:cooked_porkchop":3,"minecraft:golden_axe":22},"minecraft:dropped":{"minecraft:golden_boots":1,"minecraft:wheat_seeds":2,"spellbladenext:fire_claymore":1,"minecraft:spruce_log":4},"minecraft:crafted":{"minecraft:cooked_porkchop":11,"minecraft:crafting_table":1,"minecraft:spruce_planks":44,"minecraft:spruce_boat":4,"minecraft:air":0}},"DataVersion":3465}