{"stats":{"minecraft:killed":{"minecraft:skeleton":2,"minecraft:zombie":6,"promenade:duck":1,"minecraft:spider":1},"minecraft:picked_up":{"minecraft:magma_block":1,"minecraft:feather":2,"promenade:duck":1,"minecraft:spruce_sapling":5,"minecraft:spruce_log":71,"minecraft:dirt":9,"twigs:opaline_seashell":1,"minecraft:bone":4,"minecraft:arrow":2,"minecraft:bow":1,"minecraft:wheat_seeds":4,"paladins:holy_wand":1,"minecraft:sugar_cane":8,"twigs:twig":10,"minecraft:netherrack":6},"minecraft:broken":{"minecraft:golden_axe":1,"paladins:golden_claymore":1},"minecraft:mined":{"treechop:chopped_log":2,"minecraft:sugar_cane":4,"twigs:opaline_seashell":1},"minecraft:custom":{"minecraft:time_since_rest":21346,"minecraft:interact_with_furnace":4,"lootr:looted_stat":1,"minecraft:sprint_one_cm":37277,"minecraft:damage_taken":869,"minecraft:walk_one_cm":80883,"minecraft:damage_blocked_by_shield":20,"minecraft:mob_kills":10,"minecraft:drop":5,"minecraft:damage_dealt":1798,"minecraft:swim_one_cm":3594,"minecraft:interact_with_crafting_table":1,"minecraft:fly_one_cm":46206,"minecraft:crouch_one_cm":36,"minecraft:play_time":21346,"minecraft:sneak_time":16,"minecraft:walk_under_water_one_cm":88,"minecraft:boat_one_cm":33479,"minecraft:jump":348,"minecraft:leave_game":1,"minecraft:walk_on_water_one_cm":233,"minecraft:time_since_death":21346,"minecraft:climb_one_cm":442,"minecraft:total_world_time":21346,"minecraft:hex":0,"minecraft:fall_one_cm":5051},"minecraft:used":{"minecraft:golden_boots":1,"minecraft:spruce_boat":1,"minecraft:stone_sword":31,"paladins:golden_claymore":23,"minecraft:bread":12,"minecraft:spruce_planks":1,"minecraft:shield":1,"minecraft:golden_carrot":1,"minecraft:bow":1,"minecraft:cooked_porkchop":2,"minecraft:golden_axe":22},"minecraft:dropped":{"minecraft:golden_boots":1,"minecraft:wheat_seeds":2,"spellbladenext:fire_claymore":1,"minecraft:spruce_log":4},"minecraft:crafted":{"minecraft:cooked_porkchop":11,"minecraft:spruce_planks":24,"minecraft:spruce_boat":1,"minecraft:air":0}},"DataVersion":3465}